,0,1,2,3,4,5,6,7,8,9,10,11,12,13,14,15,16,17,18,19,20,21,22,23,24
0,0.5122961401939392,0.8656377792358398,0.5443925261497498,1.0540722608566284,0.0793033316731453,1.0730047225952148,1.1307957172393799,0.17873211205005646,0.2926390767097473,0.5485918521881104,1.5673980712890625,0.876240611076355,1.330892562866211,0.21421094238758087,0.19366934895515442,0.9345405697822571,1.36235773563385,1.3500027656555176,0.7435847520828247,0.21810691058635712,0.06345277279615402,0.9673592448234558,0.3671322166919708,0.7706815004348755,1.0195295810699463
1,0.4829690754413605,0.785393476486206,0.6176167130470276,0.9924319982528687,0.11652658134698868,1.1033387184143066,1.2549731731414795,0.2469204068183899,0.3438667356967926,0.5440834760665894,1.5833556652069092,0.9179556965827942,1.2509267330169678,0.24129590392112732,0.2317456603050232,0.8373265862464905,1.2276939153671265,1.337490200996399,0.8701582551002502,0.29832813143730164,0.16747353971004486,1.0470644235610962,0.3326296806335449,0.6436055302619934,1.0138684511184692
2,0.45338892936706543,0.88157057762146,0.5929704904556274,1.0331482887268066,0.1309564709663391,1.0675177574157715,1.2141647338867188,0.34416475892066956,0.23964329063892365,0.46802541613578796,1.4373199939727783,1.0316994190216064,1.2478082180023193,0.24907854199409485,0.27137476205825806,0.8142396211624146,1.316962718963623,1.3805382251739502,0.7704340219497681,0.4040270745754242,-0.001479998347349465,0.973400890827179,0.3031490743160248,0.7930147647857666,1.0121994018554688
3,0.5146054029464722,0.9002265334129333,0.5030557513237,1.0515317916870117,0.20288272202014923,1.2358261346817017,1.2305718660354614,0.31090259552001953,0.2471500188112259,0.5552878975868225,1.4282606840133667,0.8594104051589966,1.31035578250885,0.08662158250808716,0.2727474570274353,0.7727494835853577,1.2394593954086304,1.2327966690063477,0.8302239179611206,0.3215043246746063,0.12006178498268127,1.0192101001739502,0.26566389203071594,0.6310708522796631,1.0114306211471558
4,0.4997968077659607,0.8884544372558594,0.6540820002555847,0.9878812432289124,0.11620092391967773,1.1480706930160522,1.2433785200119019,0.2434709221124649,0.36297187209129333,0.42007583379745483,1.559549331665039,0.8457456827163696,1.3109313249588013,0.17074993252754211,0.25329166650772095,0.862899661064148,1.2335755825042725,1.1915894746780396,0.7583891153335571,0.37134963274002075,0.043650880455970764,0.9280211925506592,0.28694483637809753,0.8047261238098145,1.0185497999191284
5,0.5550640821456909,0.7464585304260254,0.5192413926124573,0.9570605754852295,0.03726353868842125,1.2238051891326904,1.1172376871109009,0.2442549616098404,0.3067936301231384,0.5823691487312317,1.5308983325958252,0.9071670770645142,1.4093023538589478,0.07505437731742859,0.2630273401737213,0.7900115251541138,1.3465169668197632,1.3880137205123901,0.8944870829582214,0.24533212184906006,0.1149340346455574,1.034532904624939,0.29496145248413086,0.717759907245636,1.016629695892334
6,0.5471304655075073,0.8788720369338989,0.6167258024215698,0.9219921231269836,0.04648834466934204,1.0689365863800049,1.2684211730957031,0.2975267171859741,0.36839815974235535,0.42395877838134766,1.5557200908660889,1.0255457162857056,1.32832670211792,0.07556522637605667,0.15455803275108337,0.9270203709602356,1.414703130722046,1.307659387588501,0.7620593905448914,0.3105149269104004,0.06620661914348602,0.9078865051269531,0.392630398273468,0.6976575255393982,1.0199424028396606
7,0.5448001027107239,0.7952209115028381,0.6389043927192688,0.9283021688461304,0.05062958225607872,1.1636687517166138,1.0921367406845093,0.2610739767551422,0.35822007060050964,0.4790820777416229,1.601407527923584,1.0056403875350952,1.295740008354187,0.15247173607349396,0.17575089633464813,0.922136127948761,1.3161739110946655,1.3246893882751465,0.757629930973053,0.24501550197601318,-0.008111640810966492,0.9418758153915405,0.36127617955207825,0.6219392418861389,1.0171263217926025
8,0.5920396447181702,0.7053449153900146,0.5266821384429932,0.9021045565605164,0.09229221940040588,1.132909893989563,1.1318464279174805,0.15519267320632935,0.2794010043144226,0.5606266856193542,1.4582303762435913,0.9486401081085205,1.4111182689666748,0.13478122651576996,0.18449664115905762,0.9148331880569458,1.3988662958145142,1.3328863382339478,0.851269006729126,0.36899372935295105,0.06566502898931503,0.9873758554458618,0.3099130690097809,0.7200968265533447,1.0170714855194092
9,0.5670638084411621,0.7590106725692749,0.645613968372345,0.9621500372886658,0.19544123113155365,1.25287663936615,1.1591777801513672,0.25284135341644287,0.20014873147010803,0.6028916239738464,1.4939138889312744,0.9281880259513855,1.2326774597167969,0.24963560700416565,0.14412733912467957,0.7612595558166504,1.2590968608856201,1.357671856880188,0.7714892029762268,0.36915743350982666,0.16549332439899445,0.9984031319618225,0.36999043822288513,0.7458527684211731,1.0143206119537354
10,0.42269933223724365,0.8545372486114502,0.6229560971260071,0.9357250928878784,0.08644530922174454,1.261216402053833,1.1075512170791626,0.2443641573190689,0.317918062210083,0.47286346554756165,1.569763422012329,0.9508194923400879,1.369102954864502,0.23386487364768982,0.20868529379367828,0.7583121061325073,1.369094729423523,1.219975471496582,0.8922072649002075,0.41410818696022034,-0.020590808242559433,0.9322261810302734,0.29211097955703735,0.6356009244918823,1.0130804777145386
11,0.5048421025276184,0.7466065883636475,0.6159799695014954,0.9279931783676147,0.10835502296686172,1.251923680305481,1.1369376182556152,0.20299087464809418,0.284100741147995,0.5028307437896729,1.566169261932373,0.8437895774841309,1.3157644271850586,0.2606007754802704,0.23934918642044067,0.7845219373703003,1.2974897623062134,1.2839852571487427,0.8243662714958191,0.2477487176656723,0.12908045947551727,0.9912521243095398,0.298793762922287,0.7498509287834167,1.01625394821167
12,0.45845022797584534,0.8537889719009399,0.6885743737220764,0.9542533755302429,0.15695475041866302,1.2661516666412354,1.218795895576477,0.3449355661869049,0.22275114059448242,0.5691111087799072,1.5743564367294312,0.993920087814331,1.3675708770751953,0.19369034469127655,0.12167254090309143,0.8181072473526001,1.4035435914993286,1.362057089805603,0.871084988117218,0.2643607258796692,0.1239708960056305,0.9825839400291443,0.3884490132331848,0.6460211277008057,1.012236475944519
13,0.5765169262886047,0.8501220345497131,0.597146213054657,1.0124223232269287,0.16014476120471954,1.1959705352783203,1.2135319709777832,0.24382077157497406,0.35352614521980286,0.5746022462844849,1.5426623821258545,0.8848122358322144,1.4211459159851074,0.08872569352388382,0.10958433151245117,0.86446213722229,1.361576795578003,1.3030118942260742,0.8604893684387207,0.3759008049964905,0.12449245154857635,0.9731228351593018,0.36046284437179565,0.6824795603752136,1.0203754901885986
14,0.5647999048233032,0.8000316619873047,0.6254919767379761,0.9860453605651855,0.0764739140868187,1.161647915840149,1.2182526588439941,0.22197949886322021,0.26161205768585205,0.5181782245635986,1.5302151441574097,0.9291131496429443,1.3152891397476196,0.2659914195537567,0.2653137743473053,0.8173545598983765,1.4236695766448975,1.3584539890289307,0.8330922722816467,0.21939679980278015,0.03771025314927101,0.8502572178840637,0.258420467376709,0.7962181568145752,1.0167676210403442
15,0.45561540126800537,0.8830114006996155,0.5097352862358093,0.9169676303863525,0.14933310449123383,1.2181360721588135,1.2184481620788574,0.3109031617641449,0.21648520231246948,0.5506975054740906,1.543729305267334,0.9319544434547424,1.2298643589019775,0.2198544293642044,0.26379725337028503,0.8407518863677979,1.358545184135437,1.2014459371566772,0.7896711230278015,0.23116138577461243,0.1684035211801529,0.8608375787734985,0.3417350649833679,0.7734120488166809,1.0130504369735718
16,0.46548914909362793,0.8843725919723511,0.6861962676048279,0.8784294128417969,0.045588184148073196,1.084126591682434,1.098801612854004,0.172265887260437,0.22742585837841034,0.5328332185745239,1.4788097143173218,0.859044075012207,1.357223629951477,0.13347488641738892,0.212142676115036,0.9407521486282349,1.3811274766921997,1.1949294805526733,0.8169980645179749,0.3001888394355774,0.17065605521202087,1.0147085189819336,0.3745228052139282,0.6742691397666931,1.0130257606506348
17,0.4333573579788208,0.7949617505073547,0.593693733215332,0.9920182824134827,0.13595843315124512,1.2175273895263672,1.209606647491455,0.16765432059764862,0.19648800790309906,0.6027847528457642,1.5616130828857422,0.8746371269226074,1.348022222518921,0.16209468245506287,0.16105657815933228,0.9468490481376648,1.4052282571792603,1.299679160118103,0.8210519552230835,0.4080129861831665,0.05556916818022728,0.9741109609603882,0.2371097058057785,0.626060962677002,1.0095961093902588
18,0.5738564133644104,0.7762835621833801,0.5465351343154907,0.8959625959396362,0.08105722814798355,1.2294902801513672,1.2140543460845947,0.15554985404014587,0.21728280186653137,0.6028677225112915,1.5355312824249268,1.0211178064346313,1.4083404541015625,0.1844659298658371,0.13151967525482178,0.8661623597145081,1.410467505455017,1.2884267568588257,0.8405224680900574,0.35205888748168945,-0.010847152210772038,0.9284310340881348,0.3190939128398895,0.759085476398468,1.013968825340271
19,0.5150370597839355,0.748885989189148,0.5096370577812195,1.0711259841918945,0.0882873684167862,1.0758743286132812,1.177975058555603,0.24021674692630768,0.29318419098854065,0.5218591094017029,1.555826187133789,0.9939977526664734,1.2599127292633057,0.1510821431875229,0.2513032853603363,0.9251624345779419,1.231444001197815,1.3091247081756592,0.8126955032348633,0.3445267081260681,-0.007229178678244352,1.037531852722168,0.3074312210083008,0.7020220756530762,1.0121593475341797
20,0.4913412034511566,0.7998369336128235,0.6399924159049988,0.9330601096153259,0.06043631210923195,1.2477153539657593,1.0937533378601074,0.24854537844657898,0.21068432927131653,0.5496830940246582,1.4989166259765625,0.875540554523468,1.394878625869751,0.11515489220619202,0.20710591971874237,0.9155122637748718,1.30744469165802,1.3839938640594482,0.8315815329551697,0.2282113879919052,0.13025504350662231,0.9680011868476868,0.2688031792640686,0.736372172832489,1.014428734779358
21,0.5563170909881592,0.752107560634613,0.6512711048126221,0.9016150236129761,0.019144821912050247,1.168708324432373,1.169775366783142,0.315377414226532,0.3179187476634979,0.4412209987640381,1.491292119026184,0.8475348949432373,1.3765288591384888,0.14898467063903809,0.2858077883720398,0.9081450700759888,1.4023855924606323,1.2033952474594116,0.7916267514228821,0.2639620900154114,0.05821576341986656,0.9285890460014343,0.35203105211257935,0.7072448134422302,1.0179164409637451
22,0.5933236479759216,0.8461716175079346,0.6645907759666443,0.8802809715270996,0.12475734204053879,1.1177988052368164,1.2443759441375732,0.22847795486450195,0.2731749713420868,0.5987831354141235,1.4689174890518188,0.9968684315681458,1.377865195274353,0.2012510895729065,0.28097692131996155,0.8421086072921753,1.3463548421859741,1.3351858854293823,0.8716548681259155,0.3335825800895691,0.11071765422821045,1.0156484842300415,0.2589735686779022,0.7433141469955444,1.0131001472473145
23,0.4742709994316101,0.829674243927002,0.6252365708351135,0.876154899597168,0.09006253629922867,1.2368212938308716,1.2301493883132935,0.17687904834747314,0.2520725727081299,0.5879917144775391,1.6156296730041504,0.9576302170753479,1.3940696716308594,0.2419975847005844,0.10892513394355774,0.9245387315750122,1.3857240676879883,1.211541771888733,0.7827178835868835,0.30860087275505066,0.0406528115272522,0.9780328273773193,0.24357490241527557,0.7277411818504333,1.0121989250183105
24,0.522209107875824,0.7739552855491638,0.6223337650299072,0.9763596057891846,0.1840629279613495,1.1756455898284912,1.1625229120254517,0.23193798959255219,0.3667077422142029,0.5965400338172913,1.4364570379257202,0.9304319620132446,1.3273988962173462,0.09274107217788696,0.27571797370910645,0.7635190486907959,1.252506971359253,1.353545069694519,0.81768399477005,0.2699630856513977,0.14761263132095337,0.9223762154579163,0.3186348080635071,0.6496209502220154,1.0176708698272705
25,0.5485007762908936,0.737973690032959,0.630592942237854,1.018662691116333,0.17711341381072998,1.2261276245117188,1.195041537284851,0.3316252827644348,0.2572626769542694,0.6038681268692017,1.6017634868621826,0.9040870070457458,1.4120726585388184,0.2107166200876236,0.19818289577960968,0.865220308303833,1.4105653762817383,1.1940155029296875,0.8218231201171875,0.25271332263946533,0.08699321001768112,0.9196833372116089,0.20161399245262146,0.6947728991508484,1.013801097869873
26,0.45231491327285767,0.8474896550178528,0.6692121624946594,0.9552447199821472,0.15411630272865295,1.2626320123672485,1.2158643007278442,0.16197045147418976,0.23216591775417328,0.4925433099269867,1.585278868675232,0.9637391567230225,1.3695060014724731,0.1845659464597702,0.10013365000486374,0.9114881753921509,1.369248628616333,1.2965056896209717,0.8434334993362427,0.25992074608802795,0.1002628430724144,0.9891161918640137,0.3789050281047821,0.7684341073036194,1.0142443180084229
27,0.6064153909683228,0.7250322699546814,0.647819459438324,0.9529706835746765,0.04185183346271515,1.2498575448989868,1.1371737718582153,0.29316800832748413,0.22477737069129944,0.4295857846736908,1.5398592948913574,1.0264874696731567,1.2627956867218018,0.19209598004817963,0.10481887310743332,0.7779302597045898,1.3764208555221558,1.2214858531951904,0.7491888999938965,0.3962593674659729,0.16249747574329376,1.0424761772155762,0.33905288577079773,0.6213895678520203,1.0127942562103271
28,0.4870489537715912,0.7378888726234436,0.6839666366577148,0.9563243985176086,0.11806284636259079,1.1313198804855347,1.0849019289016724,0.2741892337799072,0.3210083544254303,0.5400502681732178,1.523751974105835,0.9427516460418701,1.3455792665481567,0.12019951641559601,0.1506289541721344,0.8869800567626953,1.4069684743881226,1.2076038122177124,0.9085326194763184,0.3225276470184326,0.023762932047247887,1.0040531158447266,0.24072273075580597,0.7845273613929749,1.0160061120986938
29,0.4169020652770996,0.8735730051994324,0.5552815794944763,0.9412060976028442,0.09320002794265747,1.0681350231170654,1.2685331106185913,0.264312207698822,0.23946073651313782,0.5911545753479004,1.6157106161117554,0.9385684132575989,1.2345913648605347,0.07071704417467117,0.1879836618900299,0.8932470679283142,1.228270411491394,1.3794773817062378,0.8632624745368958,0.3824685215950012,0.1304304152727127,0.9536665081977844,0.294724702835083,0.8131386637687683,1.0104906558990479
30,0.5891360640525818,0.8059446811676025,0.5145303606987,1.0437299013137817,0.1892436295747757,1.2240175008773804,1.2169408798217773,0.3312511742115021,0.1814264953136444,0.48025795817375183,1.4333397150039673,0.9586489200592041,1.3162519931793213,0.08098218590021133,0.2825160622596741,0.800767183303833,1.2791461944580078,1.1987498998641968,0.7732340097427368,0.2801813781261444,0.030560433864593506,1.0054250955581665,0.3533938229084015,0.808957576751709,1.0124526023864746
31,0.5416512489318848,0.707649290561676,0.6183010935783386,0.9273863434791565,0.18893493711948395,1.080429196357727,1.076332926750183,0.22165660560131073,0.19907526671886444,0.6024648547172546,1.593723177909851,1.0141111612319946,1.2586148977279663,0.20134663581848145,0.1636262685060501,0.9545515775680542,1.417800784111023,1.3199571371078491,0.8128222227096558,0.3982164263725281,0.08711390197277069,0.9052848219871521,0.28354883193969727,0.7263708114624023,1.0134507417678833
32,0.5195331573486328,0.7162587642669678,0.6599146127700806,1.05406653881073,0.19351942837238312,1.1843430995941162,1.1718095541000366,0.3288189470767975,0.33119961619377136,0.5373627543449402,1.6206716299057007,0.9223705530166626,1.388932228088379,0.25665202736854553,0.16091161966323853,0.8453931212425232,1.3943581581115723,1.272491455078125,0.8780272006988525,0.2289673238992691,0.15057457983493805,0.9969774484634399,0.31121134757995605,0.6222186088562012,1.0166538953781128
33,0.5193802118301392,0.7728614211082458,0.5732002854347229,0.9333651661872864,0.06923247128725052,1.2380313873291016,1.1451297998428345,0.18345409631729126,0.26531684398651123,0.5630372762680054,1.4452403783798218,0.909423291683197,1.3386768102645874,0.22881783545017242,0.23974578082561493,0.8793027997016907,1.3647938966751099,1.2228834629058838,0.9044895172119141,0.41129136085510254,0.007950644008815289,0.9931344985961914,0.3659355044364929,0.7794469594955444,1.0147851705551147
34,0.501926600933075,0.8286129832267761,0.6102811098098755,0.9269528985023499,0.18355518579483032,1.164086937904358,1.2021790742874146,0.26368021965026855,0.3754664659500122,0.46474143862724304,1.5260578393936157,0.8663507699966431,1.3281440734863281,0.14003829658031464,0.2146667093038559,0.7971512079238892,1.2390367984771729,1.3423891067504883,0.7706631422042847,0.27911481261253357,0.0025789120700210333,0.9812369346618652,0.28429558873176575,0.7702245116233826,1.0181612968444824
35,0.5121783018112183,0.7486944794654846,0.5954680442810059,0.9431583285331726,0.016795536503195763,1.0939185619354248,1.164889931678772,0.26573795080184937,0.2166038304567337,0.5403051376342773,1.5887081623077393,1.0020638704299927,1.2888140678405762,0.11573108285665512,0.16819635033607483,0.7951890230178833,1.3306801319122314,1.1912658214569092,0.8579825162887573,0.28966325521469116,0.0017040803795680404,0.9878798127174377,0.3246809244155884,0.663743257522583,1.0088697671890259
36,0.45331093668937683,0.8784241080284119,0.5468876361846924,0.9220647215843201,0.08276676386594772,1.1102005243301392,1.229109525680542,0.17408613860607147,0.19497980177402496,0.49397704005241394,1.5295135974884033,1.0274443626403809,1.304980754852295,0.07741186022758484,0.28581494092941284,0.8993841409683228,1.2707257270812988,1.3128888607025146,0.8354138731956482,0.3733549416065216,0.0031393328681588173,0.9373902082443237,0.21073313057422638,0.6356703042984009,1.0053304433822632
37,0.4272107481956482,0.8403071165084839,0.605941891670227,0.9678841829299927,0.1411287635564804,1.0734971761703491,1.0859812498092651,0.2869245409965515,0.25397518277168274,0.5610795021057129,1.5515114068984985,0.8860844969749451,1.372464895248413,0.13293857872486115,0.18492263555526733,0.7814561128616333,1.3191746473312378,1.314003586769104,0.8738150000572205,0.27338823676109314,0.03254800662398338,0.9047521352767944,0.2882665693759918,0.669696569442749,1.0134727954864502
38,0.582384467124939,0.7076237797737122,0.6708961725234985,1.0478744506835938,0.08038660138845444,1.14695143699646,1.191994547843933,0.2189297080039978,0.19956080615520477,0.4298083484172821,1.426758885383606,0.8464491963386536,1.327541708946228,0.10816802084445953,0.2485271543264389,0.8823590874671936,1.2576022148132324,1.309834361076355,0.8580569624900818,0.41163647174835205,0.08504293859004974,0.9372372031211853,0.38023656606674194,0.6612867116928101,1.0134778022766113
39,0.6047841310501099,0.7326220273971558,0.6217209696769714,1.0219515562057495,0.20686614513397217,1.127813458442688,1.1129391193389893,0.3291762173175812,0.24353399872779846,0.5516090393066406,1.5153840780258179,0.8810919523239136,1.2589075565338135,0.10143546760082245,0.10056856274604797,0.795680046081543,1.313843011856079,1.2374070882797241,0.9090641140937805,0.3282153010368347,0.13021163642406464,1.0213103294372559,0.3012353777885437,0.7137317061424255,1.014799952507019
40,0.5687304139137268,0.8605867028236389,0.5526977777481079,0.907045304775238,0.21187999844551086,1.2196125984191895,1.2274179458618164,0.1577293574810028,0.312065064907074,0.4674883186817169,1.6018085479736328,1.039337396621704,1.2745459079742432,0.08902409672737122,0.12671998143196106,0.942194938659668,1.3528002500534058,1.2624162435531616,0.8420664072036743,0.3343442678451538,-0.015254257246851921,1.0441995859146118,0.3140786290168762,0.6379271745681763,1.011107325553894
41,0.5643670558929443,0.8031718730926514,0.6068509221076965,0.9162909984588623,0.013769691810011864,1.0715012550354004,1.1525046825408936,0.352583646774292,0.27467530965805054,0.5239487886428833,1.438973307609558,0.8484325408935547,1.3445231914520264,0.17049799859523773,0.20786410570144653,0.8198752999305725,1.3891996145248413,1.2304582595825195,0.8324511051177979,0.30087509751319885,0.16701018810272217,0.9904784560203552,0.3245851397514343,0.7503616809844971,1.0175331830978394
42,0.4785054326057434,0.8764082193374634,0.6192479133605957,1.0534257888793945,0.023537181317806244,1.1809217929840088,1.261403203010559,0.16350290179252625,0.3720448613166809,0.5812121629714966,1.478885293006897,0.9319925308227539,1.415744662284851,0.11907318234443665,0.18959350883960724,0.8554038405418396,1.2853977680206299,1.2111272811889648,0.9115265011787415,0.34723979234695435,0.0011124179000034928,0.9274269342422485,0.2391611635684967,0.6355776786804199,1.0137715339660645
43,0.5414568781852722,0.7484283447265625,0.5285511612892151,1.0457944869995117,0.15708333253860474,1.2107629776000977,1.1976535320281982,0.22523139417171478,0.36140531301498413,0.46168214082717896,1.4702280759811401,0.9948264360427856,1.3295373916625977,0.08570294082164764,0.18774940073490143,0.7588721513748169,1.4097001552581787,1.3697105646133423,0.8042470812797546,0.2809670865535736,0.11642511934041977,0.9186434149742126,0.2828168570995331,0.7134403586387634,1.0203535556793213
44,0.44170117378234863,0.8003696799278259,0.5436021685600281,1.071130394935608,0.15275949239730835,1.2303532361984253,1.169082522392273,0.29245057702064514,0.28066667914390564,0.45946699380874634,1.6143217086791992,0.8703466057777405,1.424831748008728,0.16609612107276917,0.17695192992687225,0.7655535340309143,1.3317784070968628,1.3343536853790283,0.9045878648757935,0.36811670660972595,0.1497548520565033,0.9541482329368591,0.28228074312210083,0.7328557968139648,1.0164657831192017
45,0.5550374388694763,0.779553234577179,0.6023118495941162,0.9815244674682617,0.18961121141910553,1.1943732500076294,1.2400473356246948,0.27390849590301514,0.2442249357700348,0.4971843361854553,1.5390442609786987,0.8934001326560974,1.2427129745483398,0.07655782997608185,0.2817719280719757,0.8954401016235352,1.3970355987548828,1.2434519529342651,0.7492334246635437,0.36032620072364807,-0.012545433826744556,0.8743374347686768,0.28465622663497925,0.7399080991744995,1.0133888721466064
46,0.5763885378837585,0.7244773507118225,0.50302654504776,0.9626692533493042,0.19945500791072845,1.2619770765304565,1.137802004814148,0.19485969841480255,0.24321743845939636,0.5846588611602783,1.5875285863876343,1.0222047567367554,1.3939235210418701,0.09325691312551498,0.2874068319797516,0.7871576547622681,1.4206002950668335,1.2634716033935547,0.8743808269500732,0.40833580493927,0.03150765970349312,0.9656287431716919,0.23705679178237915,0.6736037135124207,1.0121235847473145
47,0.5507996082305908,0.7270550727844238,0.652746856212616,0.9097245335578918,0.16687211394309998,1.2074308395385742,1.2377431392669678,0.3264676630496979,0.3607218861579895,0.43129318952560425,1.5056687593460083,0.8714935779571533,1.353622317314148,0.22533796727657318,0.22092299163341522,0.9059304594993591,1.365613341331482,1.27120840549469,0.8551968932151794,0.37358856201171875,0.04814380034804344,0.920929491519928,0.3862290382385254,0.7849718332290649,1.0201847553253174
48,0.5017619729042053,0.870516300201416,0.6520416140556335,0.9406997561454773,0.11127949506044388,1.1956322193145752,1.1176010370254517,0.27213266491889954,0.3522861897945404,0.42507466673851013,1.4474722146987915,1.0309151411056519,1.3171244859695435,0.21832893788814545,0.2468876838684082,0.9421083927154541,1.2405117750167847,1.313865303993225,0.8233761787414551,0.36610379815101624,0.09522928297519684,0.848796546459198,0.32790523767471313,0.6287828683853149,1.017585277557373
49,0.515404999256134,0.8686550259590149,0.5975369811058044,0.978261411190033,0.1331234723329544,1.1365357637405396,1.1617876291275024,0.19632823765277863,0.29070574045181274,0.49159640073776245,1.4680242538452148,1.0194684267044067,1.314339280128479,0.265642374753952,0.16667622327804565,0.7819416522979736,1.31029212474823,1.3550052642822266,0.8571003675460815,0.38208532333374023,0.1601690649986267,0.911076009273529,0.3041490614414215,0.7218277454376221,1.016974925994873
50,0.4639679491519928,0.823876678943634,0.5079256296157837,0.9281981587409973,0.023370567709207535,1.1436502933502197,1.0782469511032104,0.2727980613708496,0.19288894534111023,0.48613497614860535,1.4480512142181396,1.009490728378296,1.3859989643096924,0.07752902805805206,0.14345496892929077,0.9403808116912842,1.3893691301345825,1.275801181793213,0.8919324278831482,0.4025006890296936,0.14948077499866486,1.005832314491272,0.29412543773651123,0.6521738171577454,1.0107831954956055
51,0.5287882685661316,0.7168596982955933,0.5278355479240417,0.9258224368095398,0.08575666695833206,1.1686670780181885,1.2616910934448242,0.33029797673225403,0.3362446129322052,0.5570396780967712,1.6173685789108276,0.9060300588607788,1.2692570686340332,0.1574891060590744,0.25429242849349976,0.7914808392524719,1.3363343477249146,1.3813034296035767,0.7492954730987549,0.41015028953552246,0.09089682996273041,0.9212988615036011,0.2108658403158188,0.7804291844367981,1.0168343782424927
52,0.5361761450767517,0.8082724809646606,0.6567685008049011,0.9830129742622375,0.1416582316160202,1.240368127822876,1.2223806381225586,0.2895717918872833,0.18360614776611328,0.5678845047950745,1.4364190101623535,0.9361364841461182,1.3970615863800049,0.16848990321159363,0.21664798259735107,0.8127615451812744,1.3024766445159912,1.3560848236083984,0.7811455726623535,0.3318844139575958,0.16939592361450195,0.957190752029419,0.35833513736724854,0.7583202719688416,1.0141338109970093
53,0.5678800940513611,0.7416750192642212,0.6790968775749207,1.0108563899993896,0.1278568059206009,1.2445741891860962,1.136562466621399,0.16256801784038544,0.23574721813201904,0.5133649110794067,1.5945597887039185,1.0067415237426758,1.396233320236206,0.12785981595516205,0.2830972373485565,0.8622922301292419,1.3711211681365967,1.3719767332077026,0.8964992165565491,0.36201706528663635,0.08981408923864365,0.8559474945068359,0.27941033244132996,0.7672420144081116,1.0153770446777344
54,0.5388616919517517,0.7800113558769226,0.5046465396881104,0.9876423478126526,0.06416048854589462,1.2652928829193115,1.15010404586792,0.27442002296447754,0.20303596556186676,0.5887372493743896,1.4453171491622925,0.913034975528717,1.2715942859649658,0.18743090331554413,0.20063062012195587,0.8689633011817932,1.228255033493042,1.2868672609329224,0.8554701805114746,0.2925383746623993,0.15845002233982086,0.8793392777442932,0.3171214163303375,0.6954114437103271,1.0133482217788696
55,0.42248111963272095,0.9012536406517029,0.5114324688911438,0.9963885545730591,0.03533099219202995,1.073380470275879,1.1494022607803345,0.2333718240261078,0.3435535132884979,0.4576146900653839,1.4597852230072021,0.9319779276847839,1.3768352270126343,0.1775592565536499,0.17468802630901337,0.8826553821563721,1.2637436389923096,1.1899892091751099,0.8455192446708679,0.4040558934211731,0.11314792931079865,0.8686489462852478,0.3878490924835205,0.7356380224227905,1.0200546979904175
56,0.541498601436615,0.8463534712791443,0.5466350317001343,0.8885042071342468,0.2047586590051651,1.0824652910232544,1.103747844696045,0.30058884620666504,0.34021520614624023,0.5077170133590698,1.6018036603927612,0.8785113096237183,1.2790743112564087,0.1317288726568222,0.16683559119701385,0.8147900700569153,1.3615996837615967,1.2367560863494873,0.7730891108512878,0.2650596797466278,0.0527096688747406,0.8657905459403992,0.3644569516181946,0.7777479887008667,1.0205469131469727
57,0.4293947219848633,0.8114212155342102,0.644879937171936,0.9780924916267395,0.17972487211227417,1.1470493078231812,1.218111515045166,0.23980939388275146,0.2711373567581177,0.601847231388092,1.5350383520126343,0.9026961326599121,1.3145967721939087,0.22209051251411438,0.28325602412223816,0.7567138671875,1.3088417053222656,1.294252872467041,0.7669230103492737,0.3644746243953705,0.007280818652361631,0.9109401106834412,0.24281147122383118,0.8018105626106262,1.0134286880493164
58,0.5895497798919678,0.8227688074111938,0.6209599375724792,1.0640310049057007,0.18119819462299347,1.2602936029434204,1.0869429111480713,0.3007282316684723,0.3133428990840912,0.5160101652145386,1.544709324836731,0.9459688067436218,1.3122719526290894,0.24991893768310547,0.17552417516708374,0.9227102398872375,1.3499345779418945,1.222583532333374,0.8636176586151123,0.39331382513046265,0.14446640014648438,0.8747025728225708,0.2175116389989853,0.7772566676139832,1.0196837186813354
59,0.5533527135848999,0.8117603659629822,0.5053644776344299,0.9042205810546875,0.15510967373847961,1.1786357164382935,1.1110422611236572,0.2970346212387085,0.30996307730674744,0.5634787082672119,1.4496018886566162,1.0353935956954956,1.2312451601028442,0.2605457305908203,0.2837170362472534,0.8379870057106018,1.3075236082077026,1.349212646484375,0.8385056853294373,0.3291826844215393,0.08581793308258057,0.9879412055015564,0.3574770987033844,0.7619315981864929,1.0163629055023193
60,0.4379939138889313,0.7849854826927185,0.5704732537269592,1.0483248233795166,0.04413050785660744,1.137072205543518,1.114147424697876,0.21680741012096405,0.23320583999156952,0.4321364462375641,1.5358716249465942,0.840781033039093,1.327004075050354,0.21329626441001892,0.21781472861766815,0.8020983934402466,1.3286398649215698,1.2721192836761475,0.7924730777740479,0.3138330578804016,0.1480730026960373,0.9425503611564636,0.3746757209300995,0.7158459424972534,1.0161906480789185
61,0.5175426602363586,0.8515433073043823,0.5412837266921997,0.9067651629447937,0.08435893803834915,1.075899600982666,1.1414545774459839,0.17582638561725616,0.2695560157299042,0.5090854167938232,1.5340170860290527,0.9144411087036133,1.3184243440628052,0.1168975904583931,0.12695229053497314,0.8914156556129456,1.2271517515182495,1.2732661962509155,0.8568328022956848,0.37796300649642944,0.08110777288675308,1.0215975046157837,0.2365637719631195,0.7946587800979614,1.0142327547073364
62,0.47070568799972534,0.742626965045929,0.6146956086158752,0.8900867700576782,0.20268788933753967,1.0992789268493652,1.1535671949386597,0.21907033026218414,0.2242695838212967,0.567022979259491,1.587134838104248,0.8689214587211609,1.2930984497070312,0.1336718201637268,0.2179190218448639,0.9040206074714661,1.3105751276016235,1.3120319843292236,0.8157204985618591,0.2465827912092209,0.010693934746086597,1.0341979265213013,0.2138672024011612,0.6507614850997925,1.0076130628585815
63,0.6072312593460083,0.7435213923454285,0.6302121877670288,0.9284579753875732,0.20406639575958252,1.202276587486267,1.2485535144805908,0.23176975548267365,0.2650580108165741,0.45376265048980713,1.548156499862671,0.8768514394760132,1.415852665901184,0.17468111217021942,0.10555311292409897,0.90523761510849,1.2363834381103516,1.2154661417007446,0.8062357902526855,0.26326391100883484,0.0156389232724905,0.9129884243011475,0.3694235384464264,0.7986684441566467,1.0180124044418335
64,0.5696331262588501,0.7400276064872742,0.6674429178237915,1.0512582063674927,0.1267024576663971,1.244651198387146,1.2011497020721436,0.31624266505241394,0.3170665204524994,0.4263552725315094,1.5887974500656128,0.9163436889648438,1.2399396896362305,0.09641345590353012,0.2781214118003845,0.81832355260849,1.2257815599441528,1.30232572555542,0.8310854434967041,0.29543986916542053,-0.011536863632500172,0.9859393239021301,0.390211284160614,0.7307692170143127,1.0157222747802734
65,0.5564081072807312,0.7139207720756531,0.5751605033874512,0.9025650024414062,0.07953684031963348,1.1506972312927246,1.0910111665725708,0.26755082607269287,0.18933404982089996,0.4168420433998108,1.5374014377593994,0.9016015529632568,1.3434644937515259,0.25590747594833374,0.1632317304611206,0.8585243821144104,1.418379545211792,1.3706456422805786,0.7854176163673401,0.23808921873569489,0.15490104258060455,0.8877145051956177,0.3864816725254059,0.6799644827842712,1.0159016847610474
66,0.48871278762817383,0.858806312084198,0.6281884908676147,0.9472955465316772,0.15307436883449554,1.0727074146270752,1.1239041090011597,0.2437201887369156,0.37470996379852295,0.5722283124923706,1.499147891998291,0.8934584259986877,1.2515885829925537,0.2563419044017792,0.10619617253541946,0.8324723839759827,1.310996174812317,1.240826964378357,0.7369921207427979,0.33180806040763855,0.1168210580945015,0.9675704836845398,0.3944869935512543,0.7615100145339966,1.0213112831115723
67,0.6017037034034729,0.7492858171463013,0.6131051778793335,0.9346497058868408,0.162166029214859,1.1819849014282227,1.1557822227478027,0.24323543906211853,0.22555086016654968,0.4339391887187958,1.442489743232727,0.9230070114135742,1.3184864521026611,0.2543533146381378,0.14639589190483093,0.877393364906311,1.3274028301239014,1.3425309658050537,0.8968453407287598,0.2947591543197632,0.17595483362674713,0.9737707376480103,0.30799466371536255,0.7683773040771484,1.0165998935699463
68,0.5762636065483093,0.7478583455085754,0.6375081539154053,0.9096128940582275,0.09659712016582489,1.2250826358795166,1.1824405193328857,0.31916770339012146,0.3130837380886078,0.6030364036560059,1.576368808746338,0.9022621512413025,1.2401546239852905,0.15124070644378662,0.19693170487880707,0.8917887210845947,1.342558741569519,1.2857489585876465,0.7223304510116577,0.4006069302558899,0.17605112493038177,0.8600754141807556,0.40072599053382874,0.6971749663352966,1.0203766822814941
69,0.5180410146713257,0.7878603339195251,0.5835301280021667,0.929589569568634,0.1726503223180771,1.1829272508621216,1.2476252317428589,0.20301392674446106,0.23212800920009613,0.5552735328674316,1.4629647731781006,1.0342193841934204,1.3027524948120117,0.10293900966644287,0.17007701098918915,0.8681439757347107,1.2395846843719482,1.3087708950042725,0.9031286239624023,0.3632431924343109,0.03164392337203026,1.0075701475143433,0.21173706650733948,0.6715101003646851,1.0075232982635498
70,0.5389944314956665,0.8182237148284912,0.4989732801914215,1.0191441774368286,0.08886037766933441,1.1412158012390137,1.2688425779342651,0.1650743931531906,0.3440214991569519,0.5753247737884521,1.5013270378112793,0.9863945245742798,1.4108202457427979,0.19627898931503296,0.1860947459936142,0.8798169493675232,1.2961311340332031,1.3569799661636353,0.8909935355186462,0.3517085015773773,0.025936858728528023,0.9110295176506042,0.23543699085712433,0.8054721355438232,1.0184019804000854
71,0.4315958619117737,0.8573482632637024,0.5741029381752014,0.9714189171791077,0.1585691124200821,1.130476713180542,1.090275526046753,0.16908301413059235,0.2961134612560272,0.5539557933807373,1.582749843597412,0.9608430862426758,1.3348360061645508,0.15224553644657135,0.27569639682769775,0.7777450084686279,1.4151606559753418,1.301758885383606,0.8241515159606934,0.34619104862213135,0.060554228723049164,0.8918353319168091,0.28081801533699036,0.7771709561347961,1.0163564682006836
72,0.4641292989253998,0.8951085209846497,0.5141334533691406,1.0249601602554321,0.09348613768815994,1.2376621961593628,1.126509428024292,0.2887028753757477,0.28337156772613525,0.5762038826942444,1.4624284505844116,1.0150859355926514,1.2925015687942505,0.2007221281528473,0.09909603744745255,0.8334164023399353,1.3961241245269775,1.3873852491378784,0.7365350127220154,0.2853480279445648,0.06662488728761673,1.0006052255630493,0.3797350525856018,0.7804177403450012,1.0176053047180176
73,0.46834713220596313,0.7941737771034241,0.5277214050292969,0.9971383213996887,0.09719765931367874,1.1740731000900269,1.2255775928497314,0.337772011756897,0.3774004876613617,0.46580007672309875,1.5232255458831787,0.861476480960846,1.4122241735458374,0.09822691231966019,0.2217978686094284,0.8750798106193542,1.3001234531402588,1.330877423286438,0.8147745728492737,0.21502351760864258,-0.0036789197474718094,0.9822404384613037,0.2523500323295593,0.8017238974571228,1.0187946557998657
74,0.4196983873844147,0.8209731578826904,0.5177823305130005,1.0490301847457886,0.20092670619487762,1.2209669351577759,1.1571921110153198,0.24536404013633728,0.24806606769561768,0.5262941718101501,1.6039003133773804,1.011670708656311,1.253725528717041,0.13771170377731323,0.09472574293613434,0.8576737642288208,1.3320157527923584,1.3511862754821777,0.8562138080596924,0.2793620526790619,0.17280738055706024,0.8850675821304321,0.2416733205318451,0.7729372382164001,1.0154722929000854
75,0.5535027980804443,0.8987404108047485,0.6045575141906738,0.9579513669013977,0.14480182528495789,1.0858198404312134,1.269474983215332,0.3266712725162506,0.2512812316417694,0.6040431261062622,1.4755070209503174,0.952256977558136,1.254181146621704,0.23539379239082336,0.16341276466846466,0.9240943193435669,1.3485743999481201,1.2390048503875732,0.8931134939193726,0.30178412795066833,0.14735116064548492,0.8536258339881897,0.24100589752197266,0.8118530511856079,1.015401840209961
76,0.500533401966095,0.8122687935829163,0.5783097147941589,0.949180006980896,0.04824696481227875,1.2600982189178467,1.0921688079833984,0.30413153767585754,0.27972912788391113,0.5317938923835754,1.5829064846038818,0.8945667743682861,1.4092183113098145,0.24210408329963684,0.2004353255033493,0.7548167109489441,1.4109928607940674,1.3224636316299438,0.8054820895195007,0.2788110375404358,0.12459705024957657,1.0036929845809937,0.21389180421829224,0.740666925907135,1.01598060131073
77,0.47802597284317017,0.7592252492904663,0.507588267326355,0.950735330581665,0.04372337833046913,1.1950719356536865,1.0776172876358032,0.17866726219654083,0.2430872619152069,0.6079298257827759,1.506702184677124,1.0115057229995728,1.3196040391921997,0.20025038719177246,0.12751984596252441,0.8692092895507812,1.3070671558380127,1.3463637828826904,0.8771633505821228,0.32336294651031494,0.02391115017235279,0.9280549883842468,0.21284697949886322,0.66279536485672,1.011513113975525
78,0.5964187383651733,0.7385267019271851,0.6052617430686951,0.8900482654571533,0.14960157871246338,1.20615816116333,1.2562180757522583,0.20759201049804688,0.3224973976612091,0.5376201272010803,1.4381794929504395,0.9312973022460938,1.31101393699646,0.07870826870203018,0.14431990683078766,0.9377796053886414,1.375223994255066,1.3246474266052246,0.8929591774940491,0.3043751120567322,0.14217497408390045,1.042298674583435,0.2977360188961029,0.6714617013931274,1.0164176225662231
79,0.5946746468544006,0.8108229041099548,0.6649253368377686,0.9865541458129883,0.10242529958486557,1.2494837045669556,1.2378755807876587,0.34531891345977783,0.35595908761024475,0.4540356695652008,1.433315634727478,0.9777853488922119,1.3209643363952637,0.1676289588212967,0.2807799279689789,0.8962466716766357,1.2307682037353516,1.313016414642334,0.776727557182312,0.33574235439300537,0.009844557382166386,0.8739554286003113,0.21485844254493713,0.7439074516296387,1.0178751945495605
80,0.4494302570819855,0.754037082195282,0.577043354511261,0.9218418002128601,0.13175690174102783,1.2181446552276611,1.1676732301712036,0.35249191522598267,0.25468894839286804,0.42401406168937683,1.6109098196029663,0.9709229469299316,1.2476074695587158,0.11375299841165543,0.23555755615234375,0.9302866458892822,1.230307698249817,1.2012016773223877,0.7838488817214966,0.3667314946651459,0.13817475736141205,0.854790449142456,0.3063296377658844,0.8075230717658997,1.0137416124343872
81,0.5615299344062805,0.883444607257843,0.5969389081001282,0.9571728110313416,0.14134691655635834,1.1351244449615479,1.1716557741165161,0.32162758708000183,0.35909444093704224,0.48004478216171265,1.565697431564331,1.0233861207962036,1.3447853326797485,0.24291524291038513,0.14559341967105865,0.8697883486747742,1.4112865924835205,1.2652868032455444,0.8650941848754883,0.3227752447128296,0.11504344642162323,1.0396367311477661,0.28543806076049805,0.6979002952575684,1.0169645547866821
82,0.5517295002937317,0.8405687808990479,0.6163910031318665,1.031408429145813,0.20577341318130493,1.231735110282898,1.2554874420166016,0.21509726345539093,0.30702945590019226,0.42551618814468384,1.525884747505188,0.9699563980102539,1.2774752378463745,0.15971651673316956,0.1672554910182953,0.8446418642997742,1.3222566843032837,1.3252688646316528,0.7440752983093262,0.37368524074554443,0.013493428938090801,1.0304197072982788,0.3439163267612457,0.676827073097229,1.0143240690231323
83,0.45351701974868774,0.8492344617843628,0.6286630034446716,1.0147275924682617,0.18044815957546234,1.0725820064544678,1.1523871421813965,0.3356296718120575,0.19358806312084198,0.48159900307655334,1.6074079275131226,0.8852071762084961,1.3773046731948853,0.10468422621488571,0.10888871550559998,0.9248278737068176,1.3640269041061401,1.2743581533432007,0.8526939749717712,0.35264861583709717,0.011983227916061878,0.9538683891296387,0.21917784214019775,0.7339246273040771,1.0106234550476074
84,0.48668867349624634,0.8366847038269043,0.5951357483863831,0.9935171604156494,0.19577021896839142,1.2304333448410034,1.1030553579330444,0.22753964364528656,0.3018172085285187,0.5687620043754578,1.4886754751205444,0.8777600526809692,1.3158996105194092,0.2593758702278137,0.267909973859787,0.7938032150268555,1.3351316452026367,1.3013756275177002,0.9207369089126587,0.38748300075531006,0.05821062996983528,0.8499190211296082,0.30729418992996216,0.7378130555152893,1.017099142074585
85,0.4387136995792389,0.7117633819580078,0.6927152872085571,1.0059393644332886,0.09080369770526886,1.1266309022903442,1.1249066591262817,0.33437320590019226,0.25347405672073364,0.542730450630188,1.5932997465133667,0.979242205619812,1.3955793380737305,0.2127918154001236,0.15607793629169464,0.787580132484436,1.4184573888778687,1.3832257986068726,0.7371314167976379,0.2805700898170471,0.016723178327083588,0.9482421875,0.38325124979019165,0.6869503855705261,1.015364170074463
86,0.5215017795562744,0.8310652375221252,0.5849609375,1.0189133882522583,0.1803172528743744,1.229633092880249,1.1485871076583862,0.2515411078929901,0.3643043637275696,0.4438866078853607,1.5864567756652832,0.9305787682533264,1.28874671459198,0.09374473989009857,0.16762299835681915,0.8068958520889282,1.4223062992095947,1.3506057262420654,0.764879584312439,0.2952529489994049,0.13439211249351501,1.035583257675171,0.23725557327270508,0.7387822270393372,1.0189841985702515
87,0.5141537189483643,0.7163227796554565,0.5602719187736511,0.9600424766540527,0.2064560204744339,1.1617101430892944,1.1088533401489258,0.24037101864814758,0.19626227021217346,0.453937828540802,1.5784895420074463,0.9762483239173889,1.3874694108963013,0.1893875002861023,0.2848827540874481,0.9025610685348511,1.3718868494033813,1.371899127960205,0.7655000686645508,0.30830463767051697,0.06371580809354782,1.0306304693222046,0.20602087676525116,0.8171113729476929,1.0124895572662354
88,0.5963112711906433,0.7362625598907471,0.5897160172462463,1.0667626857757568,0.1101955771446228,1.1149389743804932,1.2480080127716064,0.163540318608284,0.3243165910243988,0.4363113343715668,1.485872507095337,1.0173970460891724,1.2934002876281738,0.11005573719739914,0.12175890803337097,0.839433491230011,1.260108232498169,1.2174487113952637,0.7551672458648682,0.359722375869751,0.10335599631071091,0.8870953321456909,0.20614826679229736,0.7347354888916016,1.0176777839660645
89,0.5077123641967773,0.8504209518432617,0.6864194273948669,0.9902956485748291,0.1780441254377365,1.2206469774246216,1.1727019548416138,0.22466941177845,0.31191515922546387,0.5808082818984985,1.5694949626922607,0.8984118103981018,1.4021635055541992,0.26145288348197937,0.25631946325302124,0.7942870259284973,1.3913570642471313,1.2113962173461914,0.7390262484550476,0.2778163254261017,0.007192546967417002,0.877265453338623,0.2962138056755066,0.6378979682922363,1.0150678157806396
90,0.42560654878616333,0.8547394275665283,0.6730130910873413,1.0196568965911865,0.13118132948875427,1.1074413061141968,1.108410358428955,0.22395406663417816,0.37156710028648376,0.41656142473220825,1.6024997234344482,0.9525560736656189,1.289555311203003,0.19150680303573608,0.16175206005573273,0.8466771841049194,1.3790209293365479,1.252611756324768,0.7767542004585266,0.254938006401062,0.03844337910413742,1.0078843832015991,0.27446019649505615,0.631327748298645,1.015755295753479
91,0.459524542093277,0.8353306651115417,0.5796761512756348,0.9521708488464355,0.18000280857086182,1.076520562171936,1.2565574645996094,0.33025646209716797,0.2721571922302246,0.4346292018890381,1.4981588125228882,1.0013980865478516,1.23783540725708,0.09430771321058273,0.1962239146232605,0.9259297847747803,1.4165538549423218,1.3314121961593628,0.9028520584106445,0.3285164535045624,0.019114846363663673,0.9584071040153503,0.3202899098396301,0.6769329309463501,1.012381911277771
92,0.4221459627151489,0.7853434085845947,0.6254245042800903,0.9999454617500305,0.17447395622730255,1.1162997484207153,1.167978048324585,0.24452511966228485,0.28497207164764404,0.5617164373397827,1.5635517835617065,0.976068377494812,1.4218930006027222,0.08746016025543213,0.2028454691171646,0.9440804123878479,1.2465205192565918,1.19533371925354,0.7830468416213989,0.302068293094635,0.13869188725948334,0.9468976259231567,0.22932219505310059,0.6502283215522766,1.0111398696899414
93,0.5289415717124939,0.7711938619613647,0.5891022682189941,0.9517697095870972,0.20580704510211945,1.1210232973098755,1.1810566186904907,0.34949684143066406,0.2961401641368866,0.43265432119369507,1.5117592811584473,0.8844678997993469,1.3449733257293701,0.14693480730056763,0.18069441616535187,0.9272454977035522,1.311127781867981,1.2182151079177856,0.8570072054862976,0.26839953660964966,0.1626080423593521,0.9190329909324646,0.22392114996910095,0.7649414539337158,1.0173542499542236
94,0.4233587682247162,0.7734535336494446,0.6397117972373962,0.9124346375465393,0.1947067528963089,1.2220505475997925,1.101929783821106,0.2907520830631256,0.19479502737522125,0.5757175087928772,1.5199081897735596,0.8719770312309265,1.3012545108795166,0.1287740021944046,0.1437002420425415,0.7546560168266296,1.2254252433776855,1.2664026021957397,0.8127495646476746,0.2851104736328125,0.04934712499380112,1.0067224502563477,0.32964587211608887,0.8125529289245605,1.0129845142364502
95,0.5751262307167053,0.8067351579666138,0.692440390586853,0.9306730031967163,0.02499791979789734,1.152373194694519,1.1411043405532837,0.3490804433822632,0.37213489413261414,0.5672726035118103,1.6188801527023315,0.9736371636390686,1.231650471687317,0.08398870378732681,0.17052899301052094,0.9416407346725464,1.2646076679229736,1.2852201461791992,0.8746146559715271,0.35859164595603943,0.1748037338256836,0.9708675742149353,0.232639878988266,0.6946902275085449,1.0166910886764526
96,0.5371605753898621,0.7166256308555603,0.6835035681724548,0.9210014939308167,0.17158010601997375,1.2047536373138428,1.1688097715377808,0.23548074066638947,0.3730573356151581,0.4836587905883789,1.4327690601348877,1.0020233392715454,1.2301983833312988,0.10492680221796036,0.1229734942317009,0.7678799033164978,1.2894985675811768,1.2606714963912964,0.8991727232933044,0.4090983271598816,0.11292457580566406,0.8736344575881958,0.3707384765148163,0.6766154170036316,1.0190638303756714
97,0.577125608921051,0.8637264370918274,0.5664843320846558,0.9864856600761414,0.03689984604716301,1.248810052871704,1.2243633270263672,0.1910555213689804,0.2731131315231323,0.57973313331604,1.621048927307129,0.8999483585357666,1.2954760789871216,0.16839556396007538,0.23069053888320923,0.8192147016525269,1.2400734424591064,1.215303897857666,0.9114567041397095,0.3766084611415863,0.11952707916498184,0.9777517914772034,0.3140667676925659,0.7193314433097839,1.0130729675292969
98,0.5567456483840942,0.855883777141571,0.6041399240493774,1.0036988258361816,0.15570412576198578,1.0904688835144043,1.1968187093734741,0.281597763299942,0.19892027974128723,0.5339111685752869,1.4582887887954712,0.9461908340454102,1.3425030708312988,0.26326751708984375,0.1892768293619156,0.8947716951370239,1.4072654247283936,1.2942942380905151,0.8180815577507019,0.39776480197906494,0.015017903409898281,0.9697339534759521,0.32491835951805115,0.785723865032196,1.0131996870040894
99,0.5876928567886353,0.7613295912742615,0.6344783902168274,1.0554002523422241,0.20008069276809692,1.2022124528884888,1.0868122577667236,0.260418564081192,0.26571813225746155,0.544857919216156,1.454862356185913,0.9523673057556152,1.3259035348892212,0.2509153187274933,0.15281061828136444,0.8204445838928223,1.4108364582061768,1.3726569414138794,0.8029787540435791,0.23863422870635986,0.04236026480793953,0.8869662284851074,0.3764002025127411,0.6221627593040466,1.018142819404602
100,0.42717093229293823,0.7212393283843994,0.6120734810829163,0.9763438701629639,0.036934610456228256,1.2468928098678589,1.150699496269226,0.3104155957698822,0.24315014481544495,0.5335575342178345,1.5296050310134888,0.9274166822433472,1.2886167764663696,0.17375178635120392,0.24759265780448914,0.8392552137374878,1.3714414834976196,1.3865052461624146,0.7923582792282104,0.28918716311454773,-0.021063363179564476,0.9558284878730774,0.319906622171402,0.7508305311203003,1.0139901638031006
101,0.5059084296226501,0.8523843288421631,0.529176652431488,0.9949626922607422,0.05967684090137482,1.1849453449249268,1.2350115776062012,0.2007681280374527,0.3682267963886261,0.5384529829025269,1.5006368160247803,0.8702291250228882,1.3000788688659668,0.26953190565109253,0.12451963126659393,0.8947592973709106,1.2478575706481934,1.388596534729004,0.7660365700721741,0.39021486043930054,0.0625181645154953,0.960878849029541,0.3760862946510315,0.6238078474998474,1.018661618232727
102,0.5649765133857727,0.8392714262008667,0.6570084691047668,0.9366157650947571,0.10232003033161163,1.1568809747695923,1.1687395572662354,0.23046576976776123,0.32472413778305054,0.41306164860725403,1.5756007432937622,0.8532477021217346,1.3561681509017944,0.15965691208839417,0.10980057716369629,0.7551789283752441,1.357096552848816,1.2442368268966675,0.8512115478515625,0.38117218017578125,0.13142849504947662,1.0373425483703613,0.38462555408477783,0.6814340353012085,1.0178784132003784
103,0.4887263774871826,0.7292555570602417,0.5407231450080872,0.9882787466049194,0.030063247308135033,1.2282215356826782,1.2334743738174438,0.25284093618392944,0.2731119394302368,0.5329148173332214,1.5775953531265259,0.8685614466667175,1.267380952835083,0.1764974147081375,0.20404770970344543,0.8843281865119934,1.2704741954803467,1.3807910680770874,0.8398506045341492,0.3802282214164734,0.1599542200565338,1.001471757888794,0.3647432327270508,0.7207317352294922,1.0152685642242432
104,0.6065489053726196,0.7169007658958435,0.5121722221374512,0.9767634868621826,0.18661220371723175,1.1396336555480957,1.1150075197219849,0.3180598318576813,0.21979805827140808,0.5420580506324768,1.4393534660339355,1.033216953277588,1.305626630783081,0.135680690407753,0.1343776136636734,0.822363555431366,1.34462308883667,1.2974010705947876,0.802615761756897,0.39998844265937805,0.08934079855680466,0.9502924680709839,0.3453986942768097,0.754998505115509,1.0158253908157349
105,0.5594921112060547,0.8647005558013916,0.543196976184845,1.0571911334991455,0.09205877780914307,1.0978538990020752,1.1274372339248657,0.34104761481285095,0.18958552181720734,0.4459869861602783,1.5220590829849243,0.8693487048149109,1.3647502660751343,0.14619070291519165,0.20561879873275757,0.937708854675293,1.372563362121582,1.3554637432098389,0.7548156976699829,0.21564051508903503,0.04270284250378609,1.041957974433899,0.33471444249153137,0.6647306680679321,1.0125313997268677
106,0.5642443299293518,0.7595053911209106,0.5007526278495789,0.9341926574707031,0.12789539992809296,1.2163715362548828,1.1932172775268555,0.3483911156654358,0.29314836859703064,0.5301284193992615,1.5064623355865479,0.994449257850647,1.2999640703201294,0.112373948097229,0.13823793828487396,0.8008111715316772,1.2593635320663452,1.2544867992401123,0.7653337717056274,0.38603007793426514,0.024758469313383102,1.0131075382232666,0.21034319698810577,0.6737407445907593,1.012279987335205
107,0.5301742553710938,0.7293456792831421,0.6072302460670471,1.0170167684555054,0.1680251657962799,1.1816887855529785,1.2235784530639648,0.19249418377876282,0.182729572057724,0.5111072063446045,1.5089348554611206,0.9627070426940918,1.2376490831375122,0.25817883014678955,0.23290739953517914,0.8681153655052185,1.4215792417526245,1.2338333129882812,0.8020086288452148,0.26310864090919495,0.16188004612922668,0.999464213848114,0.2662059962749481,0.7978138327598572,1.0118095874786377
108,0.5847684144973755,0.8311470746994019,0.5117624402046204,0.9940832257270813,0.11105139553546906,1.1233580112457275,1.1666194200515747,0.16285063326358795,0.18791864812374115,0.4681793451309204,1.4921451807022095,0.9528163075447083,1.362648367881775,0.20667527616024017,0.17090699076652527,0.9106093049049377,1.2900183200836182,1.3233191967010498,0.8312104940414429,0.3336898982524872,0.07621997594833374,0.8550593852996826,0.25252944231033325,0.7450100779533386,1.0143667459487915
109,0.4720163643360138,0.8185837864875793,0.6027796268463135,0.936154842376709,0.02837337553501129,1.1357810497283936,1.2124525308609009,0.31817877292633057,0.2772771418094635,0.5772872567176819,1.5452525615692139,1.0362526178359985,1.4175876379013062,0.2636599540710449,0.1472846120595932,0.9542927742004395,1.3687127828598022,1.240671157836914,0.8402950763702393,0.2824605405330658,0.10711108893156052,0.9769802689552307,0.24872778356075287,0.7234325408935547,1.0139846801757812
110,0.4440007507801056,0.7917076349258423,0.5646253824234009,1.0480622053146362,0.13047116994857788,1.2384086847305298,1.1346949338912964,0.3334061801433563,0.37771403789520264,0.5017929673194885,1.4986425638198853,0.910826563835144,1.2433269023895264,0.08169791847467422,0.28252044320106506,0.868144154548645,1.380957841873169,1.3085553646087646,0.8017215728759766,0.39859312772750854,0.011425384320318699,0.8692785501480103,0.2562088668346405,0.766184389591217,1.0192790031433105
111,0.6092497110366821,0.8365296125411987,0.6504761576652527,1.0001404285430908,0.18478694558143616,1.0888973474502563,1.2005139589309692,0.3368183672428131,0.2933141589164734,0.42000630497932434,1.5321639776229858,1.0366226434707642,1.2746469974517822,0.24693205952644348,0.20051410794258118,0.8223932981491089,1.3608115911483765,1.200320839881897,0.782575249671936,0.2852722704410553,0.022164752706885338,0.8638237118721008,0.3734167516231537,0.7421291470527649,1.0155264139175415
112,0.48900070786476135,0.7223595380783081,0.6315484046936035,1.0002177953720093,0.09509795159101486,1.1312898397445679,1.2471100091934204,0.34295207262039185,0.2743940055370331,0.5255682468414307,1.5039042234420776,0.8699794411659241,1.2818669080734253,0.24159269034862518,0.22392745316028595,0.9078070521354675,1.2464901208877563,1.3662855625152588,0.7563103437423706,0.3979053497314453,0.12374070286750793,0.9605438113212585,0.3988594114780426,0.6851927638053894,1.015343189239502
113,0.42283064126968384,0.8107410669326782,0.639462411403656,1.0728615522384644,0.083976611495018,1.1748617887496948,1.1531771421432495,0.28610390424728394,0.26644647121429443,0.5225386619567871,1.6056185960769653,0.9095851182937622,1.23507559299469,0.1465335637331009,0.14841458201408386,0.7971031069755554,1.3088458776474,1.3259083032608032,0.8204384446144104,0.24896064400672913,0.10652106255292892,1.0464280843734741,0.38682037591934204,0.6899901032447815,1.014125943183899
114,0.5694494843482971,0.7266093492507935,0.5493200421333313,1.0401546955108643,0.02951711229979992,1.117933750152588,1.1852320432662964,0.33247724175453186,0.18316218256950378,0.552248477935791,1.5045286417007446,0.8884140849113464,1.3972808122634888,0.07445349544286728,0.1749495267868042,0.7964873313903809,1.2614984512329102,1.3527679443359375,0.8547198176383972,0.26969316601753235,-0.01800093613564968,0.9442309141159058,0.24826323986053467,0.6841176748275757,1.0111937522888184
115,0.5267819166183472,0.8679412603378296,0.6259952187538147,0.9517138600349426,0.15826238691806793,1.1972490549087524,1.265789270401001,0.17744499444961548,0.27988365292549133,0.4908086657524109,1.5866758823394775,0.9910420179367065,1.3754754066467285,0.08465583622455597,0.1662246733903885,0.7938135862350464,1.3085947036743164,1.2050118446350098,0.8228676915168762,0.3303881883621216,0.16760121285915375,0.9502208232879639,0.2592985928058624,0.7852416634559631,1.014727234840393
116,0.4622119665145874,0.803931474685669,0.5794722437858582,1.0366218090057373,0.06856264919042587,1.0930818319320679,1.2485322952270508,0.18855415284633636,0.1873798668384552,0.43232226371765137,1.49362313747406,0.9996015429496765,1.3269809484481812,0.18972302973270416,0.2067713439464569,0.8173418045043945,1.418121099472046,1.2891812324523926,0.7439213991165161,0.39373233914375305,-0.005129280034452677,0.8741700649261475,0.28137531876564026,0.8027653098106384,1.0120481252670288
117,0.497378408908844,0.702038586139679,0.5519949197769165,0.9582423567771912,0.20817111432552338,1.1923397779464722,1.1432262659072876,0.2629958987236023,0.31437599658966064,0.5837027430534363,1.5401307344436646,1.0222762823104858,1.2749207019805908,0.19995932281017303,0.235059916973114,0.9335146546363831,1.3090434074401855,1.215526819229126,0.7644670605659485,0.26582071185112,0.14666229486465454,0.9836039543151855,0.30068957805633545,0.693782389163971,1.0148353576660156
118,0.5089534521102905,0.8714591860771179,0.5044020414352417,1.0413973331451416,0.17585009336471558,1.162644863128662,1.1206516027450562,0.17087288200855255,0.2122626006603241,0.4330690801143646,1.5453277826309204,0.9595825672149658,1.3092198371887207,0.10559223592281342,0.16496284306049347,0.7721673846244812,1.3012593984603882,1.3203685283660889,0.8596903085708618,0.23282963037490845,0.04803372919559479,1.0109461545944214,0.2602980434894562,0.6813648343086243,1.011976718902588
119,0.4172151982784271,0.7270793914794922,0.607110857963562,0.9664320945739746,0.132638618350029,1.12584388256073,1.256424903869629,0.23039700090885162,0.22967997193336487,0.44327476620674133,1.538161277770996,1.0153530836105347,1.320046067237854,0.2100776731967926,0.1855677217245102,0.9053643345832825,1.3562992811203003,1.3509265184402466,0.8421515822410583,0.31633761525154114,0.01100852433592081,0.8515114188194275,0.23401705920696259,0.6256920695304871,1.0107206106185913
120,0.6071400046348572,0.80274897813797,0.6538648009300232,0.8910764455795288,0.023864800110459328,1.185555338859558,1.268455982208252,0.24130560457706451,0.3672318160533905,0.5732950568199158,1.6133939027786255,0.9752904176712036,1.3115843534469604,0.07226409763097763,0.18093593418598175,0.7733631134033203,1.3716926574707031,1.273952841758728,0.7242890000343323,0.3808647096157074,0.10411537438631058,1.02934992313385,0.23112162947654724,0.80970299243927,1.0175741910934448
121,0.47406333684921265,0.7089043259620667,0.6356699466705322,0.9447058439254761,0.02874178998172283,1.2006045579910278,1.1147220134735107,0.22355933487415314,0.3533494770526886,0.5561356544494629,1.4829515218734741,0.8750044703483582,1.2674314975738525,0.09288708865642548,0.23420381546020508,0.8257293105125427,1.25667405128479,1.3399235010147095,0.8970227837562561,0.36501842737197876,0.1545468270778656,1.044986367225647,0.4003368616104126,0.6544026732444763,1.0163904428482056
122,0.5653486847877502,0.7341946959495544,0.5717064142227173,0.9710868000984192,0.017100127413868904,1.0729814767837524,1.1009299755096436,0.3510965406894684,0.2572484314441681,0.563728392124176,1.4822683334350586,1.002557396888733,1.3904175758361816,0.0984766036272049,0.09838596731424332,0.9517894387245178,1.3800610303878784,1.303985834121704,0.7903378009796143,0.2245330512523651,-0.018480971455574036,0.9156424403190613,0.28541818261146545,0.6954771876335144,1.015783429145813
123,0.5822953581809998,0.8368101716041565,0.5063458681106567,1.0048037767410278,0.12708395719528198,1.1968977451324463,1.2234344482421875,0.22764728963375092,0.2769908607006073,0.45053717494010925,1.5455584526062012,0.9380581378936768,1.3285521268844604,0.23023846745491028,0.16456781327724457,0.8695688843727112,1.3692030906677246,1.3476014137268066,0.8121551275253296,0.30623483657836914,0.004708495922386646,0.8583788275718689,0.3653148412704468,0.7726529240608215,1.0194427967071533
124,0.4889150559902191,0.732573390007019,0.509233832359314,1.0315823554992676,0.15766172111034393,1.225569486618042,1.141535758972168,0.19770961999893188,0.29727017879486084,0.5482712984085083,1.4809942245483398,0.907855212688446,1.4144446849822998,0.13468797504901886,0.18889932334423065,0.8662369847297668,1.3660404682159424,1.268140196800232,0.8974673748016357,0.27539288997650146,0.08917051553726196,0.8551750779151917,0.3854224979877472,0.7197785973548889,1.0196810960769653
125,0.49350401759147644,0.7118027806282043,0.5597897171974182,1.0334560871124268,0.15289060771465302,1.0962296724319458,1.2614431381225586,0.20735931396484375,0.25660932064056396,0.5758881568908691,1.534172534942627,0.8993213772773743,1.4141781330108643,0.258819043636322,0.2758493721485138,0.8124273419380188,1.3574230670928955,1.3045835494995117,0.8631258010864258,0.3713015913963318,0.0416419617831707,1.0138157606124878,0.2671993374824524,0.6344785690307617,1.011336326599121
126,0.5740808844566345,0.8364477753639221,0.6938889622688293,1.0267335176467896,0.1779497116804123,1.2644920349121094,1.1908462047576904,0.2914124131202698,0.3025646507740021,0.5377822518348694,1.519349217414856,0.9670518636703491,1.2624319791793823,0.09114013612270355,0.17801548540592194,0.9299437999725342,1.3288105726242065,1.314126968383789,0.8295955657958984,0.26052358746528625,-0.023118676617741585,0.9810943603515625,0.38935503363609314,0.6544531583786011,1.0143227577209473
127,0.4967609643936157,0.7062462568283081,0.6847786903381348,1.0073378086090088,0.015071692876517773,1.1841439008712769,1.0898910760879517,0.1921340823173523,0.24543415009975433,0.42958909273147583,1.5793464183807373,1.0066982507705688,1.3879858255386353,0.2084294855594635,0.17639809846878052,0.8446453809738159,1.3877308368682861,1.3742092847824097,0.7454963326454163,0.26642537117004395,-0.01811801828444004,0.9930599331855774,0.26857247948646545,0.7105913162231445,1.0143089294433594
128,0.5821084380149841,0.7116007208824158,0.6703655123710632,0.9770927429199219,0.05894562974572182,1.208414912223816,1.1664210557937622,0.28887975215911865,0.26323986053466797,0.4300759434700012,1.44105064868927,0.8795639276504517,1.4126825332641602,0.11546089500188828,0.10573983192443848,0.916756272315979,1.3537153005599976,1.373915433883667,0.8457939028739929,0.22201302647590637,0.11501677334308624,0.975128710269928,0.24197255074977875,0.724602997303009,1.0178773403167725
129,0.5650724768638611,0.8981857895851135,0.6577926278114319,0.9504526257514954,0.025719719007611275,1.2030248641967773,1.1583490371704102,0.21580977737903595,0.3170395791530609,0.528350293636322,1.4271727800369263,0.9692697525024414,1.3569055795669556,0.1778073012828827,0.18520015478134155,0.9023653864860535,1.4154301881790161,1.3062381744384766,0.8720363974571228,0.2687270939350128,-0.013462387956678867,0.9962437152862549,0.22748038172721863,0.6323579549789429,1.0132397413253784
130,0.47044071555137634,0.7755219340324402,0.5164144039154053,0.965313196182251,0.14291201531887054,1.1172547340393066,1.2033655643463135,0.27869293093681335,0.3636879324913025,0.4570051431655884,1.562519907951355,1.0290000438690186,1.4046096801757812,0.08059896528720856,0.249931201338768,0.9178200960159302,1.3443325757980347,1.3160725831985474,0.7610841393470764,0.2668359875679016,0.11372638493776321,0.8910248279571533,0.23305639624595642,0.728990375995636,1.0186585187911987
131,0.48557835817337036,0.81352299451828,0.6187086701393127,0.9146978259086609,0.10034428536891937,1.1870430707931519,1.1152878999710083,0.20193645358085632,0.34616488218307495,0.5771622657775879,1.47077214717865,0.952623188495636,1.28082275390625,0.25206875801086426,0.16019201278686523,0.9147573709487915,1.3908253908157349,1.2664097547531128,0.8995100259780884,0.4085315465927124,0.006423762068152428,0.8768688440322876,0.2286583036184311,0.6418687701225281,1.016197919845581
132,0.5977708697319031,0.856491208076477,0.5623540878295898,1.027383804321289,0.20850183069705963,1.1719101667404175,1.0943913459777832,0.22134718298912048,0.36513209342956543,0.4721432030200958,1.6053109169006348,0.8949586749076843,1.266176700592041,0.1917349249124527,0.2343681901693344,0.8489341139793396,1.3540209531784058,1.3179153203964233,0.8064870238304138,0.36569005250930786,0.1366637647151947,0.9281277656555176,0.22103235125541687,0.7463593482971191,1.0214743614196777
133,0.4321071207523346,0.7928777933120728,0.5790080428123474,1.057983160018921,0.15365462005138397,1.104514241218567,1.0722721815109253,0.308969646692276,0.21206869184970856,0.4989180266857147,1.425413727760315,1.0141801834106445,1.3922468423843384,0.1778315305709839,0.21737046539783478,0.8575829267501831,1.4178543090820312,1.38470458984375,0.8881839513778687,0.27485865354537964,0.010340101085603237,1.0340063571929932,0.24807225167751312,0.6700642704963684,1.011135458946228
134,0.42199599742889404,0.7136075496673584,0.587488055229187,0.9593821167945862,0.20841701328754425,1.2223681211471558,1.0750759840011597,0.30581849813461304,0.21330802142620087,0.5988048315048218,1.4757583141326904,0.8428351879119873,1.4234635829925537,0.23968400061130524,0.25837093591690063,0.8859691619873047,1.2341245412826538,1.3052914142608643,0.9078397750854492,0.3229998052120209,0.1691884696483612,0.9255810976028442,0.2951393723487854,0.6717627048492432,1.0119715929031372
135,0.417293518781662,0.88011634349823,0.6846281290054321,0.8790523409843445,0.11014539003372192,1.1350297927856445,1.1307817697525024,0.23742075264453888,0.20024217665195465,0.544690728187561,1.5149257183074951,0.850459635257721,1.3269128799438477,0.2585100531578064,0.10765306651592255,0.909758448600769,1.3194957971572876,1.24579918384552,0.8201063275337219,0.22974005341529846,0.06150129437446594,0.9591542482376099,0.29949483275413513,0.7071327567100525,1.0114457607269287
136,0.5596697926521301,0.7331975102424622,0.5727313160896301,1.0071130990982056,0.1062685027718544,1.1747475862503052,1.0730226039886475,0.2888364791870117,0.2630476653575897,0.5123413801193237,1.5564366579055786,0.9789533615112305,1.2696083784103394,0.12158861756324768,0.2835216820240021,0.7678012847900391,1.4124988317489624,1.2332414388656616,0.8706629276275635,0.3991219699382782,0.1449699103832245,0.8900645971298218,0.31883367896080017,0.6784048080444336,1.0148175954818726
137,0.46465468406677246,0.7205864787101746,0.6132147908210754,0.9159676432609558,0.16845278441905975,1.1859387159347534,1.23405921459198,0.3145400583744049,0.287409245967865,0.6060003638267517,1.462900996208191,1.0007095336914062,1.34200119972229,0.07730870693922043,0.14289331436157227,0.832863986492157,1.2367841005325317,1.2205928564071655,0.7383871674537659,0.3649531602859497,0.14889490604400635,0.9042470455169678,0.3302820324897766,0.801551878452301,1.0152866840362549
138,0.5829557776451111,0.8016475439071655,0.5022724866867065,0.9331072568893433,0.12165047228336334,1.144598364830017,1.1992095708847046,0.3463852107524872,0.3271445333957672,0.5164825916290283,1.6160438060760498,1.0156970024108887,1.3074944019317627,0.21824032068252563,0.17758236825466156,0.821017861366272,1.3125544786453247,1.3518660068511963,0.8866507411003113,0.327017605304718,0.17105476558208466,1.0417906045913696,0.34172818064689636,0.7333405613899231,1.0170711278915405
139,0.46658462285995483,0.8183921575546265,0.671215295791626,0.9113842248916626,0.12947113811969757,1.2252129316329956,1.1735183000564575,0.3110535144805908,0.2152957320213318,0.567959725856781,1.5310782194137573,0.8965146541595459,1.2393722534179688,0.2399851232767105,0.25393131375312805,0.756380021572113,1.4083364009857178,1.296231985092163,0.8027234673500061,0.2865646481513977,-0.018304355442523956,0.9941566586494446,0.38442111015319824,0.6709162592887878,1.0111128091812134
140,0.41609805822372437,0.7774671316146851,0.6745153069496155,0.9803298711776733,0.09765615314245224,1.0793945789337158,1.2162145376205444,0.2047939896583557,0.29635119438171387,0.47458699345588684,1.4272491931915283,0.97588050365448,1.4093230962753296,0.23468483984470367,0.2617121934890747,0.8312519192695618,1.3476965427398682,1.3689050674438477,0.857241153717041,0.3256509304046631,0.11372148245573044,0.9403850436210632,0.24750538170337677,0.7713178992271423,1.0154345035552979
141,0.5502147674560547,0.7059931755065918,0.6565239429473877,1.0617319345474243,0.1786946952342987,1.2115809917449951,1.1693443059921265,0.15729188919067383,0.31563830375671387,0.6079719066619873,1.5949509143829346,0.8733991384506226,1.3694562911987305,0.20413388311862946,0.20656061172485352,0.9418590664863586,1.3341071605682373,1.3753430843353271,0.7385125756263733,0.33155322074890137,0.1673804372549057,1.0165255069732666,0.2954147458076477,0.6623793840408325,1.0184156894683838
142,0.580695390701294,0.7899511456489563,0.6780567765235901,1.0209566354751587,0.18048861622810364,1.0757420063018799,1.1035442352294922,0.2612537741661072,0.33293959498405457,0.4534580707550049,1.4432587623596191,1.0338104963302612,1.3931517601013184,0.24695098400115967,0.2253059446811676,0.7894307971000671,1.3155786991119385,1.3445428609848022,0.897627592086792,0.2537063956260681,0.09803082793951035,1.003374695777893,0.3142547011375427,0.6745786070823669,1.016790509223938
143,0.5745370984077454,0.806206226348877,0.6937112212181091,0.981872022151947,0.20520862936973572,1.2611461877822876,1.1775761842727661,0.25807198882102966,0.34441834688186646,0.4758196473121643,1.6152737140655518,0.8847739696502686,1.3346667289733887,0.13162274658679962,0.10867131501436234,0.9381730556488037,1.3998280763626099,1.3305190801620483,0.8048729300498962,0.25764772295951843,0.05450519546866417,0.9835784435272217,0.30154597759246826,0.7631325125694275,1.0193785429000854
144,0.5963118672370911,0.7305829524993896,0.6144786477088928,1.059738039970398,0.02098292112350464,1.0772783756256104,1.1882189512252808,0.3436346650123596,0.18467585742473602,0.56528240442276,1.6230157613754272,1.0218173265457153,1.3206199407577515,0.21692021191120148,0.16138769686222076,0.8783811926841736,1.3527426719665527,1.2437556982040405,0.7882015109062195,0.26809391379356384,0.03624635934829712,0.9760496616363525,0.3880998194217682,0.7475283145904541,1.012307047843933
145,0.4268801510334015,0.8711618781089783,0.5253397226333618,1.0076630115509033,0.19980093836784363,1.1150257587432861,1.2438104152679443,0.21630066633224487,0.34780511260032654,0.5969110131263733,1.5005484819412231,0.969840407371521,1.3918263912200928,0.25566303730010986,0.13513247668743134,0.8023924827575684,1.2460638284683228,1.221613883972168,0.7995896339416504,0.2854151129722595,0.10264317691326141,0.9119991064071655,0.33938249945640564,0.7402651309967041,1.0175251960754395
146,0.4900466203689575,0.8125801682472229,0.5811129808425903,0.8994110226631165,0.09107791632413864,1.0982027053833008,1.0795117616653442,0.22619999945163727,0.3176668882369995,0.4751802384853363,1.5825884342193604,0.8901745080947876,1.3676496744155884,0.18050293624401093,0.23581312596797943,0.8713588714599609,1.2349380254745483,1.3601937294006348,0.7699218988418579,0.2978728413581848,0.009324951097369194,0.8746672868728638,0.28445157408714294,0.7274793386459351,1.0176670551300049
147,0.4650004506111145,0.7545813322067261,0.6274703741073608,0.9201922416687012,0.11147812008857727,1.089388132095337,1.163074016571045,0.21428875625133514,0.3737872540950775,0.6018522381782532,1.562511682510376,0.8419252038002014,1.425350546836853,0.09895629435777664,0.1431647092103958,0.8209794759750366,1.3960001468658447,1.2402797937393188,0.8289444446563721,0.2604426443576813,0.0395706482231617,0.8597754240036011,0.3324170708656311,0.7692626118659973,1.0222980976104736
148,0.59850013256073,0.8066323399543762,0.6078785061836243,1.0185503959655762,0.18638136982917786,1.2201249599456787,1.1201590299606323,0.3466353714466095,0.29510992765426636,0.49111589789390564,1.5816620588302612,1.0256690979003906,1.2914897203445435,0.21435204148292542,0.13126909732818604,0.8215720057487488,1.4224814176559448,1.2210760116577148,0.80377596616745,0.3482751250267029,0.005395256914198399,0.9721388220787048,0.22767792642116547,0.7834762930870056,1.0160197019577026
149,0.4880214333534241,0.8922052383422852,0.6648886799812317,1.0338438749313354,0.10120276361703873,1.1046391725540161,1.1674784421920776,0.1943419724702835,0.2654300332069397,0.588596761226654,1.467434048652649,0.9935792088508606,1.2981574535369873,0.08095601946115494,0.21665340662002563,0.8969218730926514,1.2629835605621338,1.3721344470977783,0.8592458367347717,0.2553499639034271,0.008302955888211727,1.0378872156143188,0.31546664237976074,0.6477399468421936,1.010789155960083
150,0.5410289764404297,0.7968088388442993,0.5123806595802307,0.9053483009338379,0.1550457924604416,1.2259219884872437,1.2169824838638306,0.2535635828971863,0.3299555480480194,0.44918692111968994,1.5812698602676392,0.9648272395133972,1.2876574993133545,0.18898773193359375,0.1807584911584854,0.9387449622154236,1.4113163948059082,1.314124345779419,0.894388735294342,0.30805492401123047,0.024212991818785667,0.8941836953163147,0.28723418712615967,0.7038254737854004,1.017895221710205
151,0.46997421979904175,0.7293689846992493,0.6575533151626587,0.8932822346687317,0.11145886778831482,1.1690974235534668,1.0925213098526,0.1621941328048706,0.251798540353775,0.5693768262863159,1.4538089036941528,0.9809976816177368,1.2658576965332031,0.2315625101327896,0.27737000584602356,0.803938627243042,1.2337247133255005,1.312498927116394,0.7881003022193909,0.29204416275024414,0.10694409161806107,0.8856863379478455,0.26621919870376587,0.7671074271202087,1.0133336782455444
152,0.4296618700027466,0.8583016991615295,0.61745285987854,1.0475720167160034,0.15688884258270264,1.180270791053772,1.1430221796035767,0.35099175572395325,0.24346034228801727,0.48205921053886414,1.595118522644043,1.0021716356277466,1.4011749029159546,0.2124917060136795,0.14113861322402954,0.8100007176399231,1.2329069375991821,1.2470523118972778,0.8032473921775818,0.29684916138648987,0.043228067457675934,1.0388505458831787,0.28556790947914124,0.7785344123840332,1.0131906270980835
153,0.50240159034729,0.7649925947189331,0.5080779790878296,0.9924423098564148,0.10985029488801956,1.2196323871612549,1.181761384010315,0.3106217384338379,0.296010285615921,0.5387030839920044,1.5696295499801636,1.0247689485549927,1.3232262134552002,0.15528416633605957,0.16770261526107788,0.9278759360313416,1.2563209533691406,1.3427319526672363,0.8659724593162537,0.2618512213230133,0.16657817363739014,1.020683765411377,0.21296846866607666,0.7776071429252625,1.0151054859161377
154,0.46491971611976624,0.8878693580627441,0.6455140113830566,1.0134227275848389,0.03300093486905098,1.2249400615692139,1.146253228187561,0.18897666037082672,0.32245051860809326,0.46765100955963135,1.4462603330612183,0.8575380444526672,1.3144639730453491,0.08335120230913162,0.25195446610450745,0.7624762654304504,1.2960647344589233,1.2967584133148193,0.8177852630615234,0.23842185735702515,0.03293798491358757,0.9893972277641296,0.3889578580856323,0.754950225353241,1.0180555582046509
155,0.471983939409256,0.8076403141021729,0.6878280639648438,0.8934838175773621,0.05046437680721283,1.2381662130355835,1.196284532546997,0.30312272906303406,0.35217443108558655,0.5635481476783752,1.5224822759628296,0.8689934611320496,1.3617173433303833,0.11703302711248398,0.15631885826587677,0.8866136074066162,1.4196726083755493,1.3134723901748657,0.8062295913696289,0.3831329345703125,0.13204845786094666,1.043298602104187,0.3927868604660034,0.6824755668640137,1.0177415609359741
156,0.4302123785018921,0.8295679688453674,0.574735164642334,0.9749178290367126,0.17778438329696655,1.1114416122436523,1.2415851354599,0.2653016746044159,0.32080909609794617,0.43085798621177673,1.5972745418548584,1.032467246055603,1.3947290182113647,0.1567983627319336,0.15609951317310333,0.8988104462623596,1.3364099264144897,1.2732727527618408,0.7222656011581421,0.4106616675853729,0.14169669151306152,0.9847621917724609,0.24801455438137054,0.6761465668678284,1.0150684118270874
157,0.5059458613395691,0.8492189049720764,0.6044666767120361,0.950289249420166,0.027416931465268135,1.2534805536270142,1.1513947248458862,0.30895113945007324,0.22980213165283203,0.5156205892562866,1.621717929840088,0.8672713041305542,1.3547205924987793,0.12168331444263458,0.2683105170726776,0.8418803811073303,1.3300518989562988,1.3831347227096558,0.887711763381958,0.25031962990760803,0.16982519626617432,0.8545365333557129,0.339474618434906,0.6291372776031494,1.0139753818511963
158,0.512160062789917,0.7555370926856995,0.607809841632843,0.942292332649231,0.1479026973247528,1.2497913837432861,1.2698464393615723,0.2801274359226227,0.24778148531913757,0.4947114884853363,1.4968667030334473,0.9518933296203613,1.416110634803772,0.24556870758533478,0.1870483011007309,0.7939239144325256,1.2448766231536865,1.3025704622268677,0.894083559513092,0.22840911149978638,0.0016735604731366038,0.9421877861022949,0.2222382128238678,0.6419694423675537,1.010848045349121
159,0.4151114225387573,0.9006475806236267,0.6528483629226685,1.0372178554534912,0.03828376159071922,1.1357698440551758,1.1869699954986572,0.3237893879413605,0.36130884289741516,0.588290810585022,1.5582692623138428,0.856397271156311,1.4095242023468018,0.25900545716285706,0.16442851722240448,0.8039990663528442,1.292846441268921,1.223069190979004,0.73856520652771,0.3770945370197296,0.018827883526682854,0.9236328601837158,0.2373529076576233,0.6836865544319153,1.0167914628982544
160,0.4832143485546112,0.8359134793281555,0.6915395855903625,0.9253106117248535,0.10164884477853775,1.1468273401260376,1.1102631092071533,0.2759089469909668,0.23979027569293976,0.5111677050590515,1.6097007989883423,0.905439555644989,1.3288224935531616,0.22454683482646942,0.23382194340229034,0.760841429233551,1.3439048528671265,1.2028961181640625,0.8577436804771423,0.352827787399292,0.14868678152561188,0.9647693634033203,0.3683664798736572,0.7568387985229492,1.0139814615249634
161,0.4317953884601593,0.7636914253234863,0.6490843296051025,0.9618233442306519,0.04862883687019348,1.1910359859466553,1.144293189048767,0.2950824499130249,0.265348881483078,0.6005366444587708,1.4332231283187866,0.9761732816696167,1.2557417154312134,0.15409260988235474,0.16992542147636414,0.9531182646751404,1.2873363494873047,1.2828072309494019,0.863857090473175,0.3244076669216156,0.05416586995124817,0.9160221219062805,0.20411893725395203,0.7602791786193848,1.013046145439148
162,0.5487556457519531,0.7368027567863464,0.6897516846656799,0.9225198030471802,0.1053667962551117,1.1786679029464722,1.1761329174041748,0.23860222101211548,0.35750100016593933,0.5595049262046814,1.5771007537841797,0.9435529708862305,1.2955876588821411,0.2186337411403656,0.19869019091129303,0.7684787511825562,1.2646862268447876,1.2072670459747314,0.8992775082588196,0.2884272038936615,0.14942552149295807,0.9581806063652039,0.3880070447921753,0.742430567741394,1.017587661743164
163,0.4238763451576233,0.8280574679374695,0.5873090624809265,0.9854695796966553,0.0630156397819519,1.2288718223571777,1.1064705848693848,0.34939613938331604,0.2486162930727005,0.4634452164173126,1.6077556610107422,0.9104163646697998,1.268415927886963,0.19442233443260193,0.17155389487743378,0.7618243098258972,1.4050381183624268,1.3328710794448853,0.733361542224884,0.2686860263347626,0.08580614626407623,0.8816785216331482,0.34439021348953247,0.7337887287139893,1.0162941217422485
164,0.4297393262386322,0.767488956451416,0.5875424742698669,1.0553923845291138,0.164298877120018,1.1942716836929321,1.1340725421905518,0.31475186347961426,0.3270412087440491,0.4633941650390625,1.5451222658157349,0.8958220481872559,1.2928028106689453,0.15997722744941711,0.2577846646308899,0.9145956635475159,1.335478663444519,1.3287385702133179,0.9197377562522888,0.27298077940940857,0.14759337902069092,0.9381892085075378,0.3875024914741516,0.7679696083068848,1.0185877084732056
165,0.5029955506324768,0.8997016549110413,0.5473257303237915,0.8955682516098022,0.17848695814609528,1.260923147201538,1.2505226135253906,0.2147333323955536,0.33859574794769287,0.49860915541648865,1.5414756536483765,1.0205081701278687,1.3217532634735107,0.2482752650976181,0.1726524531841278,0.8049322962760925,1.3898823261260986,1.2798086404800415,0.867202877998352,0.29283860325813293,0.10523128509521484,1.0129870176315308,0.25122201442718506,0.731106698513031,1.0147087574005127
166,0.585171103477478,0.8763777613639832,0.5943026542663574,1.0091487169265747,0.09295371919870377,1.1059798002243042,1.106352686882019,0.22998511791229248,0.27372369170188904,0.5381855368614197,1.496564507484436,0.8916767835617065,1.2675864696502686,0.24210737645626068,0.11101795732975006,0.7991570830345154,1.3990492820739746,1.2920126914978027,0.7538673877716064,0.3941992521286011,0.004879061598330736,0.8834542036056519,0.3850034773349762,0.7002859115600586,1.01905357837677
167,0.5216149091720581,0.7119537591934204,0.4960792362689972,0.8819377422332764,0.20625677704811096,1.1792800426483154,1.1507261991500854,0.308828741312027,0.35196006298065186,0.47921866178512573,1.5619726181030273,1.0206242799758911,1.4010975360870361,0.17778265476226807,0.254614919424057,0.8645411133766174,1.3987045288085938,1.3848841190338135,0.7855069637298584,0.3776552379131317,0.12203860282897949,0.8761333227157593,0.2431870400905609,0.6499884724617004,1.0189100503921509
168,0.5103595852851868,0.7782160639762878,0.6483721733093262,1.0134832859039307,0.022795507684350014,1.1348459720611572,1.111556887626648,0.2003754824399948,0.31802821159362793,0.5176435708999634,1.4316139221191406,1.0331233739852905,1.393277645111084,0.12811429798603058,0.12289968132972717,0.8929840922355652,1.2501553297042847,1.2558972835540771,0.7307578921318054,0.283887654542923,0.12324358522891998,1.0166789293289185,0.2174321562051773,0.6975815296173096,1.016315221786499
169,0.4999212920665741,0.7258440256118774,0.6370505690574646,0.9838619232177734,0.035420969128608704,1.201552391052246,1.163297414779663,0.28875473141670227,0.2426644265651703,0.6047781705856323,1.4312680959701538,1.0112879276275635,1.2829582691192627,0.11122158914804459,0.19726890325546265,0.8444486260414124,1.2420185804367065,1.291087031364441,0.7643225789070129,0.27569520473480225,0.10088632255792618,1.0196645259857178,0.3628464341163635,0.7731028199195862,1.0137083530426025
170,0.4721810519695282,0.7353622913360596,0.5934234261512756,0.9602709412574768,0.084463931620121,1.0935717821121216,1.1241142749786377,0.20120826363563538,0.34719035029411316,0.45860782265663147,1.5962079763412476,0.9755961298942566,1.3247109651565552,0.22267216444015503,0.10969711095094681,0.7848862409591675,1.3778992891311646,1.375579595565796,0.7903937697410583,0.2976120412349701,0.16396255791187286,0.9054279923439026,0.3203580677509308,0.6273254752159119,1.0207428932189941
171,0.42525148391723633,0.8292030096054077,0.525580108165741,0.9663775563240051,0.0421990342438221,1.1754921674728394,1.1002984046936035,0.33458244800567627,0.23131905496120453,0.5105524659156799,1.4421204328536987,0.9799523949623108,1.3371275663375854,0.16283422708511353,0.16893334686756134,0.9324451088905334,1.2280727624893188,1.1943415403366089,0.820098876953125,0.3739495873451233,0.1223771870136261,0.9872792959213257,0.37897777557373047,0.653007447719574,1.0109792947769165
172,0.5009052753448486,0.7177714705467224,0.6609451770782471,0.9747961759567261,0.21307572722434998,1.0910475254058838,1.126229166984558,0.2717460095882416,0.3222992718219757,0.5239909291267395,1.4406300783157349,0.8473899960517883,1.2280734777450562,0.26666465401649475,0.15861299633979797,0.7787339091300964,1.3445494174957275,1.251967191696167,0.725024938583374,0.27531296014785767,0.12352820485830307,1.0359746217727661,0.38182419538497925,0.6295636296272278,1.01640784740448
173,0.5675837397575378,0.8836119771003723,0.6888630390167236,1.0575698614120483,0.17808403074741364,1.2399154901504517,1.2529711723327637,0.33243390917778015,0.22367820143699646,0.48171427845954895,1.44412362575531,0.872565746307373,1.2906651496887207,0.24691247940063477,0.25059419870376587,0.7880890965461731,1.4028819799423218,1.200065016746521,0.7282818555831909,0.3900071680545807,0.09667438268661499,1.0316829681396484,0.21985892951488495,0.6713460087776184,1.011183500289917
174,0.5701702833175659,0.8634191155433655,0.6776230931282043,1.0227477550506592,0.14043892920017242,1.2525566816329956,1.1600431203842163,0.32322782278060913,0.23700518906116486,0.45125120878219604,1.575164556503296,0.9042012691497803,1.4067387580871582,0.07386880367994308,0.17490166425704956,0.8034946918487549,1.3845137357711792,1.290934681892395,0.8135689496994019,0.28529611229896545,0.06430376321077347,0.8859769105911255,0.23885563015937805,0.6179142594337463,1.0130927562713623
175,0.4450639486312866,0.9012817144393921,0.5575479865074158,0.9888077974319458,0.1917678862810135,1.169696569442749,1.1783827543258667,0.32475799322128296,0.2762925624847412,0.42492637038230896,1.4794546365737915,0.8677026033401489,1.365824580192566,0.11414489895105362,0.20140637457370758,0.9393434524536133,1.3880637884140015,1.2182844877243042,0.7291921377182007,0.2556239068508148,0.05844532698392868,0.9827585220336914,0.3828871250152588,0.7664743661880493,1.0158661603927612
176,0.5291471481323242,0.8857616186141968,0.6566384434700012,1.0157579183578491,0.11767857521772385,1.097086787223816,1.167942762374878,0.25787147879600525,0.2600381672382355,0.5059720873832703,1.602473258972168,0.9945346117019653,1.350211501121521,0.2527536153793335,0.21714110672473907,0.843633234500885,1.2275686264038086,1.3520313501358032,0.8195680379867554,0.34110334515571594,0.03686361759901047,0.9126903414726257,0.31170913577079773,0.6339085102081299,1.0127016305923462
177,0.4194352328777313,0.8971872925758362,0.5484566688537598,0.9394292235374451,0.10059813410043716,1.130454421043396,1.171568512916565,0.1955016702413559,0.26819223165512085,0.43535202741622925,1.5152816772460938,0.998851478099823,1.3047566413879395,0.07176094502210617,0.14422936737537384,0.925934910774231,1.3438407182693481,1.267232894897461,0.8937991857528687,0.2538200318813324,-0.01323972549289465,0.9258229732513428,0.3599641025066376,0.7944103479385376,1.0148591995239258
178,0.5360903739929199,0.7545979022979736,0.5926557183265686,0.9421568512916565,0.12338283658027649,1.1651771068572998,1.0861014127731323,0.1961079090833664,0.27772945165634155,0.6090516448020935,1.433024287223816,0.8470839858055115,1.3786418437957764,0.07478846609592438,0.24242082238197327,0.8966183066368103,1.3895961046218872,1.2776217460632324,0.7415781021118164,0.3739683926105499,0.06681950390338898,0.9075974225997925,0.26939132809638977,0.7061396241188049,1.0173557996749878
179,0.596138060092926,0.7085854411125183,0.5032919049263,1.0696641206741333,0.18388400971889496,1.2616833448410034,1.0754269361495972,0.27349722385406494,0.3361465334892273,0.427612841129303,1.4419426918029785,0.8761507868766785,1.4056439399719238,0.16487078368663788,0.18678070604801178,0.8396382331848145,1.3518719673156738,1.2983413934707642,0.8319211602210999,0.23472121357917786,0.11237353086471558,0.9814629554748535,0.3611133396625519,0.7360665202140808,1.021468997001648
180,0.4823864996433258,0.8351678848266602,0.5455682873725891,0.9675398468971252,0.07272957265377045,1.1684471368789673,1.0949106216430664,0.17934507131576538,0.3514585494995117,0.5996339321136475,1.543869137763977,0.852246105670929,1.3152886629104614,0.16919450461864471,0.16065800189971924,0.8962257504463196,1.2278873920440674,1.3117142915725708,0.7422053217887878,0.3626914322376251,0.11470203101634979,0.9499832987785339,0.3401277959346771,0.7755977511405945,1.0212831497192383
181,0.4165663719177246,0.7517009973526001,0.5801662802696228,1.067305326461792,0.07026515901088715,1.0880531072616577,1.110461711883545,0.3152216970920563,0.2626095116138458,0.4180215299129486,1.5225385427474976,0.9009506702423096,1.342685341835022,0.17744237184524536,0.14124900102615356,0.9506846070289612,1.3947747945785522,1.295155644416809,0.7462581992149353,0.2991613447666168,0.01979636959731579,1.0341813564300537,0.2384299784898758,0.7040322422981262,1.0141493082046509
182,0.44829195737838745,0.8332299590110779,0.6373529434204102,0.9016510248184204,0.06646959483623505,1.1052978038787842,1.161085605621338,0.3279874324798584,0.3249676823616028,0.4949037432670593,1.6064287424087524,1.0145107507705688,1.281732439994812,0.07301545143127441,0.22663643956184387,0.8109681606292725,1.2754443883895874,1.260113000869751,0.7570827007293701,0.3101773262023926,0.00040970277041196823,0.9354223012924194,0.2956867516040802,0.7388680577278137,1.0135608911514282
183,0.4849607050418854,0.8863905072212219,0.6587921380996704,0.9275854825973511,0.0597732849419117,1.0987610816955566,1.1541149616241455,0.27944526076316833,0.25822409987449646,0.6005370020866394,1.561208963394165,0.9813107848167419,1.269594430923462,0.1388811320066452,0.2671282887458801,0.8105698823928833,1.4142650365829468,1.2270712852478027,0.812947690486908,0.28308233618736267,0.1456349790096283,0.8984426856040955,0.37857648730278015,0.7957635521888733,1.0150750875473022
184,0.4937474727630615,0.7095234990119934,0.4971860945224762,1.0677353143692017,0.0570857860147953,1.2541202306747437,1.1753917932510376,0.27500656247138977,0.22291593253612518,0.5068569183349609,1.5297538042068481,0.8647995591163635,1.3504080772399902,0.21683074533939362,0.2517358362674713,0.8151843547821045,1.288350224494934,1.360146164894104,0.8425175547599792,0.3914267122745514,0.010085181333124638,1.0268378257751465,0.36014384031295776,0.7007361650466919,1.0130195617675781
185,0.42676636576652527,0.8841010928153992,0.623762309551239,1.0463967323303223,0.1440703421831131,1.106351375579834,1.2012381553649902,0.15590909123420715,0.3675212562084198,0.5813496708869934,1.4527298212051392,0.9768403172492981,1.266790509223938,0.19897349178791046,0.1355471909046173,0.9357777237892151,1.3201367855072021,1.2009296417236328,0.9066489338874817,0.32927045226097107,0.07316560298204422,0.8719960451126099,0.3413640558719635,0.6843317747116089,1.0172182321548462
186,0.6075449585914612,0.9001123309135437,0.6943764090538025,1.002231478691101,0.06797858327627182,1.2291064262390137,1.2450366020202637,0.1689440906047821,0.2973802089691162,0.5334781408309937,1.548910140991211,0.9297345280647278,1.309844970703125,0.08777420222759247,0.14918293058872223,0.7900509834289551,1.2289351224899292,1.3600841760635376,0.8213045597076416,0.3115871548652649,-0.00768232811242342,0.9649571180343628,0.2476978898048401,0.6975045204162598,1.0145714282989502
187,0.5033068060874939,0.76712566614151,0.6633890271186829,0.9370174407958984,0.16233059763908386,1.2576426267623901,1.2435578107833862,0.20775696635246277,0.29480355978012085,0.4263567626476288,1.5615895986557007,0.8695438504219055,1.3029649257659912,0.25976237654685974,0.16454574465751648,0.9002878665924072,1.339587688446045,1.3614938259124756,0.8257182836532593,0.34015795588493347,0.1591944545507431,1.034861445426941,0.37694376707077026,0.6251753568649292,1.0153783559799194
188,0.43329694867134094,0.8460197448730469,0.5065536499023438,0.9226087331771851,0.13350540399551392,1.1927188634872437,1.1763741970062256,0.24119600653648376,0.28218916058540344,0.6047269105911255,1.4458614587783813,0.9891144633293152,1.374557614326477,0.08401240408420563,0.2894177734851837,0.7990953922271729,1.3295811414718628,1.3408318758010864,0.8268970251083374,0.2868233621120453,0.12268722057342529,0.9969989061355591,0.32078394293785095,0.7577768564224243,1.014012098312378
189,0.4732525944709778,0.7108994126319885,0.615576446056366,1.0332361459732056,0.05771294981241226,1.17007577419281,1.1198421716690063,0.2477235198020935,0.2758142948150635,0.5177897214889526,1.586288332939148,0.9901367425918579,1.3196667432785034,0.20604436099529266,0.0935744121670723,0.9233177304267883,1.2910875082015991,1.3844120502471924,0.8210777044296265,0.4123450219631195,0.008312975987792015,0.9041662812232971,0.3671518564224243,0.6503894329071045,1.0159554481506348
190,0.5625063180923462,0.7482793927192688,0.5919156670570374,1.0139461755752563,0.18687158823013306,1.16429603099823,1.1125952005386353,0.34277626872062683,0.22582902014255524,0.42738381028175354,1.4321470260620117,0.9683130383491516,1.2908309698104858,0.26125606894493103,0.25473567843437195,0.8086331486701965,1.2607407569885254,1.2186360359191895,0.8039909601211548,0.3463658094406128,-0.02321694605052471,0.9908047914505005,0.35624417662620544,0.6221269369125366,1.0111652612686157
191,0.5207346677780151,0.7040494084358215,0.5289693474769592,1.0345180034637451,0.022283492609858513,1.2204252481460571,1.2097400426864624,0.17316769063472748,0.3694719672203064,0.5628535151481628,1.4521373510360718,0.914294421672821,1.3385478258132935,0.24165669083595276,0.27052509784698486,0.8193255066871643,1.4226202964782715,1.3509308099746704,0.7685735821723938,0.3419983386993408,0.04094187542796135,1.0150436162948608,0.3554137349128723,0.6252263188362122,1.0176441669464111
192,0.5502055883407593,0.8122586011886597,0.49592962861061096,1.0337600708007812,0.1859569400548935,1.2431740760803223,1.1348793506622314,0.335884153842926,0.21601180732250214,0.4770407974720001,1.490234613418579,1.0290676355361938,1.401444673538208,0.21803919970989227,0.16841696202754974,0.9410269856452942,1.3295789957046509,1.2909302711486816,0.8497742414474487,0.24762514233589172,0.009777834638953209,0.9889360070228577,0.33209383487701416,0.6485680341720581,1.0120075941085815
193,0.4100557267665863,0.7881253957748413,0.5982705354690552,0.8994303941726685,0.05403323844075203,1.173444390296936,1.2014318704605103,0.3331264853477478,0.26432061195373535,0.5443069934844971,1.4759879112243652,0.8801209330558777,1.356630802154541,0.12143009901046753,0.17050506174564362,0.9250416159629822,1.3872872591018677,1.2870745658874512,0.8430963158607483,0.40871021151542664,0.03391772136092186,0.9099338054656982,0.33892732858657837,0.802140474319458,1.015956163406372
194,0.47289973497390747,0.8732254505157471,0.5775942802429199,0.981218695640564,0.09289104491472244,1.1111037731170654,1.1643692255020142,0.31467145681381226,0.3747394382953644,0.5351006388664246,1.4874709844589233,1.0341554880142212,1.3403687477111816,0.2517188489437103,0.12094086408615112,0.8160802721977234,1.3107829093933105,1.2450673580169678,0.8391428589820862,0.381894588470459,0.00883315410465002,0.9945522546768188,0.3555566668510437,0.6884413361549377,1.0166478157043457
195,0.42125585675239563,0.8388360142707825,0.6943891048431396,0.9068441390991211,0.13990336656570435,1.2292438745498657,1.260352611541748,0.20474077761173248,0.3696495294570923,0.5696257948875427,1.6211118698120117,0.8559362888336182,1.3907157182693481,0.1996922492980957,0.14675328135490417,0.7621119022369385,1.3212344646453857,1.3477015495300293,0.8974794745445251,0.41058218479156494,0.09974786639213562,1.0285676717758179,0.3731094300746918,0.7809543013572693,1.017495036125183
196,0.4976807236671448,0.7474228143692017,0.6455554962158203,0.9927871227264404,0.16089142858982086,1.1684755086898804,1.0870691537857056,0.240054190158844,0.30492329597473145,0.5742850303649902,1.5966516733169556,1.0088969469070435,1.3093341588974,0.11830151081085205,0.2627895474433899,0.8296871781349182,1.3050912618637085,1.2414745092391968,0.8562338948249817,0.27996090054512024,0.08961280435323715,1.010707139968872,0.2516404390335083,0.6738297343254089,1.0123717784881592
197,0.51124107837677,0.8151854276657104,0.534530520439148,0.8876790404319763,0.16951890289783478,1.1949924230575562,1.144550085067749,0.15685763955116272,0.20241303741931915,0.4505116045475006,1.4565253257751465,0.9430236220359802,1.344599723815918,0.2610696256160736,0.23018556833267212,0.9139730334281921,1.3068549633026123,1.2640875577926636,0.776811957359314,0.4025006592273712,0.008712935261428356,0.9204517006874084,0.2570858299732208,0.6675102710723877,1.010421633720398
198,0.557226300239563,0.7442867159843445,0.568396806716919,0.8814653158187866,0.09665072709321976,1.077892541885376,1.2425858974456787,0.19226989150047302,0.2770792543888092,0.4169008135795593,1.5408176183700562,1.0081359148025513,1.2784428596496582,0.1603875607252121,0.17517215013504028,0.7761907577514648,1.244222640991211,1.1931569576263428,0.8506698608398438,0.28953465819358826,0.11053154617547989,0.9394768476486206,0.3464006185531616,0.646893322467804,1.0122261047363281
199,0.43727049231529236,0.8955286741256714,0.5972775816917419,0.9557233452796936,0.10593010485172272,1.1400965452194214,1.1225799322128296,0.3296623229980469,0.19845114648342133,0.6012008190155029,1.56691312789917,0.8415964841842651,1.4015105962753296,0.11799721419811249,0.1820032000541687,0.8746529817581177,1.3923672437667847,1.2293274402618408,0.7783527970314026,0.30206406116485596,0.06644964963197708,0.9315760731697083,0.3595578372478485,0.7772821187973022,1.0140990018844604
