,0,1,2,3,4,5,6,7,8,9,10,11,12,13,14,15,16,17,18,19,20
0,1.5290688365627625,1.2772441710730966,0.8325539387912642,0.19827110323145564,0.09284555395530386,0.279454710496468,0.7973530260112264,1.1577949017486935,1.3570506854991378,1.512349506508787,0.9991751021465232,0.5020883039259154,1.5098375504800923,0.6434292442552217,0.10641802894950683,1.2518161948786939,0.5221207208958648,0.32771152837531065,1.4867065683933458,0.9646942516333358,0.9271965622901917
1,0.93776942643994,0.06311409151708966,0.6388721166694711,1.4488279949633294,0.8286412626937865,0.5630772299394035,1.0862345523720154,1.046853469450942,0.5121723452643283,0.3291634537220798,0.07930746058070108,0.7080160652799447,0.5758028716283942,1.2911580144114028,1.0163507390278093,0.3503982792895088,0.21703246291611317,1.383086386059502,1.2213218100560241,1.3191969446390501,0.966829240322113
2,1.059437705823933,0.945508429111772,1.5312014834930772,0.8887543620329088,1.5577434858988974,0.7522978426814168,0.7321906431319519,1.1666162842961458,0.7815718498570896,0.64298841811487,1.566029131159697,0.15612676609395018,1.071835085903008,0.8769313403728323,1.0127245738000805,0.92546639160607,0.4272019530948322,1.4110539314203405,1.3268623215461905,1.06646710527801,1.0290427207946777
3,0.2739151449652335,0.3178148251948751,0.4686633846964275,0.36754486975633227,0.8029043810036391,1.1699595178866038,0.6803520306949402,0.8581647912806885,0.6189671462519882,0.5615688991131628,0.7742877614276396,0.31864611526014786,0.8874385098541397,0.458304374244503,1.2245345400693164,0.9613839239529673,0.08153010855133934,0.10727238270034896,0.9906501910620742,0.5266980658367234,0.9227630496025085
4,1.1172594786791425,0.6358396824606606,0.8983709824916434,1.0339974201818851,0.6826931810154958,1.2603351948852404,0.8857971010397204,0.5375780772813346,1.0882491612227376,0.09527565988959559,1.05387306521898,0.7555710752972754,0.6878025193962678,0.245076921140501,0.7813440999082659,0.5251433329473281,1.0536374997500655,1.0619249006546974,0.7076780373368832,0.6711359180298225,1.0215550661087036
5,0.3553180708134877,1.3880403458519126,0.4955859671257209,0.013809677821455821,0.42371413401715713,1.4897913137966483,0.22603542035816257,0.9496024848418545,0.333478876089711,0.49224294931110457,1.176403806738799,1.1896086097840037,0.2201906363684543,0.29863243178171556,0.5754624696799584,0.3181830283184671,1.539399668853359,0.7522101573280161,0.8939078706717397,0.8066448167178374,0.9530540704727173
6,0.4345778623898639,0.4329907874634809,0.7584154098224659,1.5120355754488186,0.3907383169825914,0.04840864687633369,1.0586879110229905,0.19965687483937597,0.6186164340542578,0.5379622461929725,0.4008760973530738,0.08681167507717882,1.3146064601147052,0.4391906701163325,1.2604616916378502,0.419275775244202,0.5316921697059976,0.9522604646577747,1.1861028134397191,1.0630859302834468,0.9944202899932861
7,0.22715622983524594,1.3210809461763464,0.9510205234322484,0.590091217367178,0.06638964213016071,1.5459126554023537,0.4331735873816784,0.10271625985902422,1.5029401292237128,1.2183966841744558,0.03633680303160422,1.412554906931871,1.0984527501886054,1.2399403655870682,1.0082110008400063,0.1083638626335162,0.5307294413315047,0.12096067774598146,1.0949521773004363,0.8477115715334852,0.9181792140007019
8,0.5291272444271314,1.0081999977629577,1.2808190595965487,0.4984261521876173,1.1239955685737306,0.362119780523188,0.13079161318544333,0.07179025943036901,0.4540690972636987,1.4702045617821162,0.5826858453334033,1.203186809001718,0.8532753215134355,0.22101980297635265,1.5147941307327897,1.182877832947646,0.512503322047457,0.8793919234316369,0.848390390146044,0.06409961277323387,1.074944019317627
9,0.44283421746237295,1.0852444251057813,0.5403858391467501,0.5709025172365828,0.250910872573846,0.36538472884678064,1.4603858053026963,0.36575379378476197,0.8186858270732446,1.2055539860332625,0.49695400825756125,0.2684253133827851,1.468416114244418,1.0191462161479345,0.12208731868529099,1.31725907132441,0.16353371075252857,1.4554534731779942,1.0963576191078863,1.5239353046368271,1.0165034532546997
10,0.25922850142897064,0.743876349062687,1.4167502138526167,0.20625993802353892,0.1834727983237991,1.3419185605537405,1.5068506247165627,1.2230278499752505,0.21370725609138697,0.5736554501506727,0.6727752003818199,0.8463986028263943,0.5295048735862204,1.169440178294523,0.2705488909602744,0.05289077390106152,0.8792348665409777,0.8355987836759534,1.560835471542634,1.3532719669748563,0.9127413630485535
11,0.8744999381513235,0.8361518225804452,1.4020749392661582,0.28373153936216206,0.8599020596716945,0.08857210772698476,1.219268875728559,0.8702389570077907,1.2344289264510429,0.4549454340725072,0.05901669202126854,1.5174895316317905,0.3515863447852741,0.9628874850186664,0.7405670530790555,1.4662360785868813,0.27136792841344715,0.8108831880719304,0.9929596289861734,0.8764533334167046,1.0934584140777588
12,0.2296597855021059,1.247434596147699,1.436955989336355,0.9067841135434338,0.22124153240105232,1.3393819166791963,0.20355920298586969,1.410849186140694,1.5420526439738083,0.37742493044038417,0.4063999011395779,0.873363710262245,0.5194672632274191,0.5084067614168107,1.3555576043816102,0.6060559165444976,1.3132914829826416,0.7995956518243165,1.482454842928954,0.27353690197089675,0.9683380126953125
13,0.6270368894589491,0.7235450287492184,1.2285776915780542,1.4327810986865634,0.8764434755022072,1.2667529268873157,0.7958280679638956,1.3674865540303616,0.856306120240172,0.08881209444719447,1.2266009999869705,1.476072909489304,0.21292546657519285,0.04752649858841084,0.5279235358488267,0.5235876892642976,1.5694107993650792,1.4371539509655118,1.0238959378727732,0.5395714267255722,1.0149887800216675
14,0.5805636936869057,0.14683130846178957,0.6488937849097358,0.36192321847341785,0.792433987410883,0.9899967079274709,0.5368685804917042,0.26738549930236555,1.3883004186254349,1.1281247526025353,1.0897282996756819,0.018376339031886308,1.1852497133463544,0.6412616233693461,0.5964739150217435,0.306525986940611,1.4208317223865614,0.7070226340697153,0.412252608637762,0.25855356949989605,1.1416106224060059
15,1.3785288084780796,0.21508211742337488,0.5386888474803126,0.7699068326605876,0.12184449413839837,1.570343253588271,0.858192302006969,0.22883349541086592,0.8430891584433996,0.6181844292901315,0.811311479102382,1.4055981919626714,1.236065889560218,0.6688261991836317,1.3052340862690004,1.433554260975657,0.5101083717226946,1.0620035108003485,0.6809211900919919,1.150555180512171,0.9891571402549744
16,0.5259853375264957,1.0559444061814778,0.3144551981611542,0.9178099714854434,0.3931089470591091,0.6921525245643014,0.801826991988326,1.469537698133571,1.11649303664385,1.0942264111874422,0.8420460641786314,1.4932881883330316,0.2276640109882049,1.4762473340127085,0.7032600501180454,0.2201733311762229,0.9410120330279516,1.442729058883688,0.708317479167533,1.2246968243115866,1.0010020732879639
17,0.6852047954137764,0.2774824751555509,0.28346247123830237,0.6574329675970347,0.48756709210495836,0.27631822129477907,0.2699331853814023,1.2718526920816833,1.1504759527220072,1.4075764440725402,1.0580709603751188,1.0684075720172892,0.24024471686140428,1.1208200467531877,0.7462905391574446,1.2400592051581696,0.21742549599113267,1.3392937535702432,0.038479693086604615,0.06840189571484429,1.0205552577972412
18,0.2361402803085036,1.0858086239682554,0.4543353317830255,0.8883215402650052,0.005608194478218218,0.7946767229289332,1.4482729690227967,0.3957648602135773,1.43599870783971,0.3209955891983327,1.0017227066183458,0.6030308808260967,1.4056151520271916,0.8604011432785061,1.0091257159020448,1.028300630910043,1.0837683630808344,0.36604017848031106,0.3194394294095194,0.684980264725604,0.9491499066352844
19,1.444584997201755,0.7545962215942899,0.9038328076176948,1.1803430372907155,0.8619255604466957,0.6887686474240098,1.006911553768173,1.3659396678895324,0.8705578005683821,0.7661879861471105,1.0900560737827298,1.4745308589603883,0.20217461579111268,0.3158373662324091,0.050859214066347455,0.8600774874135859,0.06509117042200527,1.0625458873617748,0.4455555548628352,0.3929865960808277,1.1245300769805908
20,0.30718316933951423,0.7931640029415883,0.2787234045633003,0.5577887129419172,0.5209019606025943,1.1442862509453897,0.8528883474684836,0.33541431746461214,0.8472384944824137,1.3875931259827334,0.7203749144454121,0.32761410009155706,0.43867011570460285,0.5055652074628769,0.8615083775684045,0.05502036758099923,0.6879346019565467,1.4733259782519315,0.8525966306234503,0.9902782812942479,1.0253435373306274
21,0.7182345421019517,1.4705089428131284,1.5136824374579108,1.0621578781881096,0.13596104136551176,1.0763195192847244,0.3603533049457922,0.19818838537072556,0.4739237340462236,0.20066807684641672,1.0850704935898554,0.7666094562557204,0.2607758436650111,1.5043757277270782,0.9330403215340984,0.5714692109794052,0.37218230056693796,0.3604152242602512,1.456296861552121,0.7900490912298461,0.9696767330169678
22,0.7099864518539558,1.563089653212894,0.8142734993040296,0.5534571284944211,1.3630854102114855,1.2342758470501267,1.4541733786810318,0.1969991993866961,0.30360334312777115,1.0048791303430165,0.8560348444129996,0.4628606532559808,0.7402013771726457,0.3003412853135126,1.0823892113788671,0.5714479915996662,0.5414918927113307,0.41884144378324495,0.2793879653146332,0.4051195598053444,1.031660795211792
23,1.5134807332906133,1.1058561776667821,0.28003398495321075,0.6841669628630513,1.1838913144405718,0.5257127118681976,1.120369878636463,0.782228407626164,0.18447338620345988,0.20533296436208082,0.06604062524983194,0.37105336065476735,0.9970195834869114,0.13917789216025253,0.955248741797474,1.2464238223579092,1.0192050611560202,1.4033415125464777,1.4852954209426277,0.34127578326381575,0.9557055234909058
24,0.8749231739911827,0.03429596392195174,0.13346922970659125,1.0365037498594085,0.3689195205859814,0.9234842347604774,0.6896151607522827,0.7484928942856839,1.1963083048647813,1.1830207365832743,0.37206424531544935,0.16780617979263548,1.3589312571974435,0.05679470954546716,0.985600644587788,0.6875450708750055,1.341739846997232,0.35466162632850634,1.4651975489071112,0.6261988333726622,1.0801937580108643
25,0.020514484661304924,0.7553901670546933,0.9714678232570363,0.4504838279339137,0.8345070552788546,1.150545482283906,1.0976230960526572,0.610280703873232,0.04860580722019983,0.5604390844912968,0.3185498563410131,1.4739262267745357,0.8846004998367507,1.415452574337852,0.33010319849204706,1.1162648985452819,1.532841364280185,0.22502120349717017,0.3277866308464884,0.7254887477164402,1.0273361206054688
26,0.37269559104246114,0.34939864344836513,0.7937563621973941,0.4687948032142413,0.21714829551680043,0.9542319845928784,1.2936156960553873,0.6871167450196747,0.10645191871957307,1.3393933073023299,1.3866052936218825,0.354526178074068,1.1108968554539957,0.9764818501121751,1.2809429962818302,0.07984440143433053,0.007394450875143354,1.203845217610221,1.3813856095492645,1.4194034690057025,1.0132720470428467
27,1.2243519239250436,1.1002884810043276,0.13917432602321286,1.1593176650212242,1.2815054966321713,1.4980565222422078,0.4849550200026842,1.3679736029609575,1.1615758897118948,0.24809046364213194,0.6352143290985273,1.1613998983156437,0.48202691015506766,1.3192554298434331,0.7952817120622903,0.5031924566979978,0.4433842138611987,0.6802417991563043,1.170392880037467,0.6882263975062751,1.0211442708969116
28,0.40331376113373635,0.8062243975080122,1.2583234823630565,1.3061299317737582,0.6822268082781514,0.6818622814272055,0.16865811105604803,0.23359681447926356,1.3992986349363614,0.9365337080334886,0.8003761543861726,0.06539324603618601,0.8458579809363682,0.22423006191203293,0.30248111210933076,0.5587542073749295,0.35902088880648403,0.8391052313595823,0.32187457817432147,1.1021169771912662,1.1330878734588623
29,0.5231542403825046,0.2186817153577774,1.3357865112092238,0.8967171839344578,0.1330337708919414,0.9478423039401825,0.6504182587059417,1.3714288648895947,1.2897730530349427,1.1407201165645606,1.1389342051550075,1.1347676546776067,1.28337696606825,0.35638747841536095,1.168526384348165,0.995257201234633,0.5246698026300012,0.298233714059332,1.0817361815352318,0.459243360033019,0.8772022724151611
30,0.23450778751486595,0.8569562571753327,0.08622615026797348,0.7681313141396628,0.30813354337520793,0.5929439329453939,0.6088774906038152,1.096649656392076,0.8535304383223582,0.843270274990528,0.09444902742667921,1.469438666174952,1.4990214895420877,0.5566439823886097,1.4583979523660504,0.956450337172694,0.596935796692874,0.3799792012127864,1.2319021203912788,1.3493686318690117,0.9698748588562012
31,0.9435131121626068,0.6904274736387894,0.29284966056837863,1.1521768206969616,0.5761970226028738,0.8825833155119396,0.1627210815319649,1.1623369077331385,0.6895095769570027,0.1796407937102005,0.12281150580417809,0.7722775097923584,1.2281354055630997,0.9335234117541032,0.5080134583127461,1.31834125521796,0.49760713702874115,1.5165192943711305,1.0468961113232005,0.21013981394915549,1.0536260604858398
32,1.545560951003221,1.4137437584285377,0.8039571965621575,1.3394424955454522,0.8049662304816201,1.3508847667610768,0.2902101135551582,0.7842741527675795,1.5548274541639355,1.1109223403533732,0.19785255832881318,1.130940891261265,1.3094910739917416,0.37042141045466276,0.1217084497451765,0.4966170407081666,1.4187848910411018,1.342754042400202,0.7075992786612101,0.07016916929229554,1.0355490446090698
33,0.8574964534065884,0.15524202304445023,0.05677232403336026,1.0345005602327584,1.1835427097790776,1.4259710147143332,0.5226667376612517,1.1913536942799114,0.872150969386723,1.2827908516545299,0.27877642776781775,1.307723734545033,1.5628282718741364,1.3724754404944337,0.8042922372137696,0.303887939906166,1.367518500665639,1.40439665988201,0.15956025628025214,0.29587138033732985,0.9850680828094482
34,0.7439434644411,1.474191793667942,0.9746994841884006,1.4985422943111568,0.6364824224029145,0.17587880650699692,0.9667109495347935,1.290430743789813,0.8302467398882037,0.03470400134858224,0.008904985420223683,0.21344524083309818,1.3829318860902218,0.3527363899788265,0.5570994454779965,1.1440249308785966,1.011635885233567,0.7731394537096368,0.5627342951114335,0.15436266437352134,0.9637906551361084
35,0.7492444731607041,1.243255427703673,1.1956012089317958,0.40523567836932783,0.31681454489669014,0.9201191796490169,0.581832467770817,1.0448777610028028,1.4043442302353393,0.33914480822746274,1.0060550236511523,0.9247829732132257,0.2553302895110068,0.8363284448817506,0.37619668741752993,1.4317508240817356,0.8414252877275581,0.040006748781819354,0.7428862943637506,0.8713060024811713,0.881960928440094
36,0.8100849819804001,1.3384545836176032,0.04813125830715064,0.5049856546693953,1.005575867782363,1.5654669184406664,1.097139326126434,0.5586037156998519,0.5693708559423544,0.4702030356819104,0.06541380886759417,1.125498329028056,0.7496037388861255,1.018399553639967,0.8636489479216756,0.2808749823558099,0.03678009525276241,0.7274884699946489,0.9204110926801701,1.2682128426927264,0.8842865228652954
37,0.6536908379307985,0.3892997321076775,0.805624079883076,0.38394586828667915,1.3960024019116732,0.20840688781349476,0.23727549266568415,1.1390300687747912,0.7909033836082036,0.1375994747111245,1.067592416597236,0.12641461098834383,0.61328358860484,1.2997995883857125,0.1929756988041752,0.47720718940369256,1.0176812230536805,0.994698137836712,1.3843290909113048,0.026293163425153372,0.9444518685340881
38,1.5152661995584562,0.15413563637529917,1.294817535767765,0.8976933821386317,0.5259772979347375,0.5033273987833834,0.3795661599090979,0.6274223375918304,1.3273612596881825,1.1655458251307442,0.29139086619064164,0.5001796244309887,0.7370719481783943,1.5086152987089985,0.4895175563585711,0.6108421327461102,1.0485958792576835,0.9381171143018504,0.3659014210304153,0.6165888612720186,1.14350426197052
39,1.3414462618211085,1.4546658875559324,1.550704252180031,1.1352150664435292,1.3385775844646912,0.4630850829998723,1.564294391573629,0.2379213699384777,0.4627004588620553,0.09504535355744374,0.7942954277077223,0.19122030930876813,0.11528901160036634,0.5187382861982364,0.6983615926659072,0.5890369330875841,0.6321532221250782,0.024811305673792916,1.418558422237542,1.408365700093023,0.9986425042152405
40,0.957705221842916,0.4546632085939387,1.4996874912201434,0.1264244232448354,1.1765028802102293,0.42461739809878146,0.8653350949087448,1.0115997101061436,0.0021079290868188925,0.14696395577763186,0.8272965181813552,0.3642635550094665,1.480629876251684,0.6505237123049723,0.4920063187566966,1.3931101195200029,0.3451369509144421,1.2751676279182391,0.3083926454591441,1.1595477933146499,0.9412248134613037
41,0.656824185260272,0.25018866931537886,1.3154141238281216,1.4268706182833666,0.0015490334287379527,1.2397637261306496,0.6931638361664803,0.7040536972331514,0.4931388720782753,0.6092774049017317,0.6363904602231114,0.39676242091872443,1.024712429500561,0.27431465327207566,1.4545654385319295,0.9228423990596462,0.7728030982622103,1.3449250565966202,1.5539006554531236,1.027945153918624,0.9371849894523621
42,1.393117029211137,0.4516887489888813,1.570136269038122,0.30717523953641196,0.8856727128965416,0.7836619519761125,0.605447036844104,0.10093551956264284,1.2863955810895575,1.010209529193492,1.209981053627991,0.6581280881084306,1.168544471380745,0.48739839347375385,0.8332001103192909,1.4715348270461286,0.13387517993580655,0.7347128524416163,0.21317538660375107,1.0831235210440424,0.9876527190208435
43,1.2280307968515585,0.03364516694431084,0.9504708050104217,0.2158311614519974,1.4325013564673947,0.3912681708363652,1.481703602070108,0.12048694538061681,0.46452470905788534,1.2109755269480948,0.29429244949436956,0.0018427161004898826,0.46902548057038274,0.8127771744513298,1.483574815596043,0.5903256593859254,1.4829463175040123,0.6804174287530481,0.43464992635292515,1.2546225413070256,0.9196678996086121
44,1.1055657252184774,1.1921361121456784,1.3625521353202923,0.27747889092851963,0.7687580801097427,0.6940606897766373,1.3154264266053937,0.7800413580022207,0.7473795221249963,0.45266556261887375,0.46613715189223903,0.5262762717346097,1.1776272654925952,1.2761220537067928,0.05933403678424719,1.4046179420675828,0.9579597278285951,0.5470876612131109,0.241038225275632,0.7440209305744496,0.9314296841621399
45,1.0202654295202997,0.9911214080206575,1.2266912855808445,0.1908879989905779,0.7813930318520085,1.373435998573573,1.1648898515916966,1.2835272037732197,1.3584746515706931,0.07724929427819865,0.882657520910382,0.039348758717727174,1.4484744383677353,0.8703034946852912,0.7202758717999622,1.134796017662872,0.9032177578373302,0.5644904170785056,1.5648422636827517,0.060681701288154484,1.0753179788589478
46,0.6645960916245532,1.4802819295302942,1.4250968513990203,0.39972456311710247,0.39362618042025427,1.0265539545731401,1.2794330142613464,0.11224806667669214,1.357182328003218,0.39560321768421397,1.477750244507557,0.3872224231167115,1.084110724762936,0.16548281768726847,1.5359911179480326,1.4894170575363108,1.5008938998304127,0.025060808274138733,0.588231478050437,0.4868249978398197,1.0053415298461914
47,1.4177374459686678,0.2286860471788318,0.39772065199012696,0.05368941981699192,0.5973205079719718,0.2700335109196766,0.10704909751310175,0.6579064991404003,0.35581996304098795,0.18281954329565583,0.7859071765062661,0.0068412458876040555,0.5977605534680784,1.2739079435748413,1.0164641403337016,0.1268794808895654,0.6138398664964623,1.3807575395956488,0.5321111715622763,1.3183842996168957,0.9362471103668213
48,0.8877863755866127,1.2839814872019175,0.1126585695399891,1.2045059548694101,0.33112519423416853,0.4046554015125414,0.7095135434347436,0.03351767501498531,1.4034331514329201,0.8873369579987616,0.31789806195055154,1.500980199295594,1.1456656718243667,0.5142847568059986,0.10610391771952156,0.7022404783017827,0.9690545714189054,0.12474935788082558,0.7140418886173253,1.0680694616243969,0.9638811349868774
49,1.2295220650607548,1.3086439516183597,0.7540284317014927,0.9151029455873054,1.3634380921173783,1.0190219241508036,0.6038190674568986,0.09858530955434354,0.13066551307871732,0.7973635735476092,0.09196507270360564,1.355887035465724,0.23366901073610385,1.370742628089183,0.39041676042245005,1.2541133127407775,0.00016531439612813283,0.5183261416350431,0.11256278326269581,0.6461003199566098,0.9492918252944946
50,0.9276633110607291,0.1585437372577881,0.8362410175308089,0.44616054845324665,0.4950780340609496,1.163658756562839,0.9967113056253574,1.0180627104462803,0.571520214357604,0.4810034872632219,0.3530021135062661,0.5023112888719601,0.5042996768553902,0.5058826666923957,0.6535207050323311,0.36278305111312625,0.0539442697333321,1.3765261058111455,0.371372399391914,0.7453926478804083,0.9159232974052429
51,0.9023740569890151,0.3474750018744164,0.8712592906421603,0.7474313457541159,0.2279566213369201,0.26374164696477403,0.7264760223775977,0.029298856943327407,1.2719062109506551,0.01256998686930416,1.1440290383780745,0.056435109413263074,0.28735571630510065,1.04371492168785,0.19231030364431453,1.4133816485371193,0.31028106242409265,0.6622173274834245,1.3156673885372243,0.7602868295847166,1.089137077331543
52,0.24607977576250673,0.20352419145711848,0.5630652625196764,0.0906016839029676,0.677460897325242,1.2720409351549173,1.4551302522612335,0.6301201333684048,0.22652675752255483,0.04369398748944299,0.9423916854296197,1.3367802494248353,0.6008509088668321,0.7251707380069103,0.6733850768423185,0.6479670649987179,1.505360988728504,1.1621040175524535,0.80339434175137,0.7084583486039054,0.9468756914138794
53,1.176944411679738,1.0688396491827017,0.22483178444047877,0.8707162165615138,1.5626543163776185,0.7917252000684762,0.1485456707714673,0.5521960967058369,0.8170461307580159,0.5194519510809913,1.2448433153243772,0.4142854287541154,1.5455072780238197,0.7844325384207221,0.5306364853825375,0.5942550145149954,1.424680289304894,0.10390271146627784,1.4720546246973618,0.5787237614114122,1.0559637546539307
54,1.1713310179731984,1.2023537217092297,0.15092516093699773,1.3619160659015064,0.8033094109450135,0.943213889812926,1.5138060903499506,1.18781966061078,1.5324763330895101,1.143477818564637,1.5136869858323398,1.535166378626997,1.022441419179008,1.0730356546122841,0.46665060775833683,0.3837923904462138,1.3515704801222066,1.0809828013750866,0.49968485995571665,1.400295737275707,0.9326329827308655
55,0.6911142206844977,1.5070536820527558,0.9478888870820167,0.7677316840424772,0.5396542098689936,0.829795485213761,1.5393892484752045,0.13921452179949956,0.023119422730098177,0.8022809291327792,0.8584897613178718,0.7795534895424007,0.15520916811648922,1.4900067191267141,0.44573623170506665,0.5021900515304407,0.30358041444460426,1.352381193613905,0.5274571017757621,0.5663520259654006,0.9717106819152832
56,1.450527015158003,0.3316403096691658,0.20911391509786814,1.543913185110406,0.17929861288974488,1.5033505921220238,0.6576128665167799,0.5279534960015395,0.6758123255722038,0.4937873283313322,0.6437947846509151,0.6967943153416997,0.7296040600986665,0.5494666882963272,0.21927795842856376,1.1406077198287878,0.418501686743474,1.2343349803777894,1.4453103471783317,0.08463213160848372,1.0840824842453003
57,0.23383726903803725,0.19925574476140562,0.106344237114161,0.33678574212731216,0.04595775006769061,1.5000163070085981,0.3090377208518306,0.38947798624196306,1.5294032753249414,1.5162828773993966,0.7734710948532023,0.9076804751145372,0.42435459781634427,0.1727129519515121,0.0026996004398283286,1.1873834372757945,0.6999865257293063,0.8235767536194253,0.7520710782909757,1.3785638057041412,1.125527024269104
58,0.25983981734713757,0.9536879422705871,0.5650433126843977,0.49611349820168715,0.8945572046682003,1.5307730563675352,0.568533104668168,0.7482653180901757,0.9382459232116682,0.8088684554156155,0.48254270325868315,0.380097219277184,0.7623610628351607,0.16322061789881565,1.4675328936169283,0.5054586417945267,0.6188261089800619,0.34754259980642366,1.0245840896699048,0.598522362804687,0.9140660762786865
59,0.025257733411252353,0.27005612408821156,0.7192610784099526,0.475533590508781,1.1958516493886477,1.5641590628084696,1.1865064912917682,1.503046513058409,0.8783951765638399,1.545547999949192,0.2106818818008354,0.35183682451634785,0.5200114190635137,0.7697004269463766,0.9805341116918762,0.5562710161439159,1.1434231503791301,0.6127175416716346,1.1025595626981701,0.9323907854045522,1.0280108451843262
60,1.32357884028366,0.9357435171906231,1.3603013651718534,1.444388382743095,0.22945229924573007,1.5462890693568656,0.5906086474925698,0.2299870877370388,0.13436639029562247,0.8093329647952804,0.884343539308905,0.13658526190807666,0.6327718522425824,1.1112204749544248,0.6579328598566173,0.7645881960324216,0.9785837823529536,0.740453646067427,1.0054726138527326,0.16804473055964783,1.146700143814087
61,0.17016133873749778,0.8350852939735749,0.7229817596431243,0.2185426827744386,0.48344280215049623,0.311208081430567,0.8897950358401784,0.7740132110088065,1.257193051177067,1.0170575224319856,0.2982363769111116,0.5819244923652235,0.5037458621340772,1.1803432644634484,0.9302601241107702,0.41906787944533536,1.348663792553281,1.4751148215223808,1.2366685885725972,0.1343903636862373,0.9104493856430054
62,1.3884768384670119,1.2449897311454863,0.8533931313147615,0.6002798702757115,0.4004138617998948,1.1733284557449055,0.5005337953095944,1.1801176738460155,1.117948268131491,0.3701391597140272,0.4851864149196748,1.492431685272678,1.5105744270212018,1.1109781229000297,0.006645873987961404,0.7486214684164009,1.3725952853860142,1.4834099071339757,0.48986771352148106,0.08093006731629594,1.069658637046814
63,0.5747750425506606,0.36751774785570807,0.8286477979619561,1.353686471519165,0.15608939951215822,0.21967748503866555,1.5138724536825479,0.6906211427419975,0.9700280005352465,0.8852356658824081,0.7513768533310154,0.7249983865229194,1.1022461568442183,0.5728559957424338,0.5969028029109191,0.3367433057262291,1.0838626072590907,0.7885476681470243,1.4797544047885278,1.4352162941100306,0.9582313895225525
64,0.7294500703029427,0.5540714421291224,0.5999962624729877,1.275803636952359,0.09215741326617649,0.7135675440547946,0.5719735658049996,0.5483991115744399,0.43845073238413507,0.33293605879673654,0.2592711762267112,1.0695226393265507,0.8247367605232817,1.2411072253622712,0.09853798344881438,0.8229753559242693,1.2314995223842093,0.815723403560004,0.9131274094008267,0.5268304976907149,0.9818305969238281
65,0.9628948383248537,0.15146794783296694,0.3077471894364197,0.9199231483610864,0.2306067486420277,0.81825008404697,1.0342281207098192,0.03403172211041252,0.6993762767734191,0.4398028569833088,0.44378700254740294,0.9856267484367459,1.2151147732853491,1.4822265444080553,1.55840829945085,0.1701880523580091,0.13395252371662106,0.6546257402970689,1.265041718454397,0.1559169816282775,0.9995554089546204
66,0.6054358052820834,0.5591661054825886,1.1954866656814593,0.47700358590677006,0.8390485725711725,0.9896434443913839,0.39791250701514463,0.7772284896138699,1.449815218640655,1.1435219584880902,1.3399423609074224,1.027090288957954,0.30406629781386146,0.855666056516445,0.15504900543872682,0.10496761098922983,0.7090133606753481,1.5002369188326556,1.5539089627732716,1.0107739326085696,0.9598907232284546
67,0.6249943509673455,0.4189349868394622,0.6781621743372479,0.04366770576773793,1.1700192462288166,0.8848601709168292,1.3600327420667246,0.7081805711105148,1.4111067491444147,0.006455545580431693,1.1309596482965005,0.7508380205662613,1.546803183829444,0.929469873715546,0.4648462964348552,0.2735221226319196,0.12897587431837942,0.8909554817837009,0.3881565296993961,0.5718419505175879,1.0694016218185425
68,0.7940571983319515,0.930307800611407,0.7246185745995429,0.752056664065064,1.3566528536961824,1.1119364618124647,0.2515672102541509,1.2599888492853528,1.3824101779172555,0.0908883676216086,0.9765429069505817,1.0641970713496762,0.3434769186209894,1.2165739049163493,0.07882900799003217,0.3618740068653448,0.4551741672813221,0.21691999127965242,0.8271912528586943,0.2572351836262208,0.9770045280456543
69,0.43892426326635214,0.3192872265738535,0.6981707952425067,1.3491206923191668,1.0549652487513252,1.0185960945050099,0.3893193364782912,0.08662932874245308,0.9922982081261857,0.7055755178402949,0.022357102668914722,0.7289469144084293,0.19032395414044653,1.5113239759152362,0.3793972463842708,1.5156726971854466,0.47763707548392265,0.795890833481249,0.8267635978232847,0.3666695637751295,0.9082655906677246
70,0.3230167123263915,0.7327930374619989,0.3979061725637295,0.21514133036319244,1.1223126542336066,0.7133175737414399,0.23460053590124372,1.1643364686564612,0.27173676954516024,0.518036200139836,0.45352261471161376,0.033932409474048034,0.27011663050218443,0.3867760915907422,1.2756240992282457,1.5649877206625158,1.1576733071983878,0.44685054914822125,1.320928584725617,0.7111540162864778,0.8514437079429626
71,1.1016654971536042,1.2986487880314606,0.7569027148914645,0.9167375686542605,0.1417508725090329,1.3548999711920384,0.9869177512296775,0.6327683371521101,1.0702057162914804,0.18075195735850072,1.1835642956717054,0.034589555154025,1.3802575502447718,0.6305164745385721,0.6023477478495237,1.4914433010326038,0.6866328881281015,0.23807985909886817,1.4627241243427127,1.2556528163615421,1.035588264465332
72,0.10791288332790647,1.0725674313601483,0.6759824404846794,0.10498103163643359,0.5146832668029419,0.31185083143793363,1.2927482714207132,0.4950817969759858,1.3808203102374048,0.019541865203460553,0.8070926032226498,1.206102932895719,0.40661125736211307,1.1651131136474229,0.6011867761487879,0.08936413332623129,0.2846183920857157,1.2307697105928224,0.14651600090308048,0.49396906970950355,1.031710147857666
73,0.3417482312674263,0.9722693909395361,0.6560988960231162,0.6868538997375706,0.5772492451961916,0.44921242716782656,0.2501769935829172,1.3000659315230185,0.8931479048663385,0.5440228023236604,0.567899456762079,0.5356841776315976,0.5328402467338106,0.4887369575920748,0.3457982445877435,0.4438059108853852,0.4477049627305914,1.5299618806865558,0.8381038201183209,0.7870859523978343,1.0918320417404175
74,0.6711730477036687,1.016322757841593,0.9955619023831179,0.3033063106227204,0.980877014404323,0.0674673347764247,0.1431010865804996,0.9099386054466474,0.22029740721355473,1.237246737600196,0.5295431544366076,0.5292505294285645,1.0643374364965845,0.5435181206002463,1.3080497100697002,0.6981110450285158,1.144842151819623,0.8014475962457351,0.4820432540843962,0.14153207900293044,1.0566041469573975
75,1.0594361233766887,1.1837120171415434,1.471596352260969,0.4087732101605096,1.0891993874329522,0.8332260130136219,0.8374533859023262,1.3756410538436248,0.6816265765405354,1.3953480043541664,1.1732998733128652,0.8087059904856883,1.4661408896021595,0.4264524206384334,1.3199657939001863,0.31232164075641367,1.5204463167227393,0.18265984699619917,0.2248558587130866,0.38958576440431864,1.0222247838974
76,0.1150295360508889,0.7800402031516493,1.3273725264869194,0.5509314620839962,1.142689417055291,0.1188404534077383,0.3858962296593702,0.1678366254014088,0.1528972598833613,1.3456518722342865,1.1588541481012904,1.1811319288810036,1.4018550893847013,0.6850617504392403,1.0924174427348123,0.4814062971308063,1.2142059085729389,1.3701682355158586,0.2626380604590194,0.09585570309984393,1.0910942554473877
77,1.353892452917498,0.7191966559701284,1.0110254745760365,1.2174448520632872,0.42360297665987773,0.48837526771553325,1.1351732177545444,1.0270585043539895,0.7415799233593492,1.4619531520606586,0.2264962541583186,1.464610393164618,0.750789176801317,1.0329770694970852,1.5035036921581693,0.9191905278949406,0.539514277461211,0.6989837190726715,0.11548016580237427,0.8406350431960892,1.058266043663025
78,1.412898667859621,0.37680994466396733,1.149804525534416,1.3855847818807454,1.300789635769019,1.4028377477982612,0.270769579658886,1.250700593813617,1.4551167203497535,1.1683685190474011,0.26447048712193305,1.0025740931762384,0.28397148922322396,0.9065005082145738,0.5915114519845596,0.27452661096563025,0.9593238381365449,0.6822364577066068,1.3869705867928297,0.07070938508749552,1.0617361068725586
79,1.0081605884186653,0.8698187552244946,1.1562762404104368,0.6304752367212481,1.2885302472556839,0.732899615427028,0.21426450001858416,0.9307671493548044,0.8506373640228669,1.5028392415031455,1.5636542886259275,1.4682371750279093,0.57559792178452,0.847648739416855,0.7086463293909164,1.3971690584928589,0.13827333757547516,0.31956622890718256,1.1231686158774195,1.4178723830486266,0.9273133873939514
80,0.34970633882630253,1.2518450162368735,0.9837859646439476,0.06831962220178288,0.6984663342664296,1.004517643926741,0.9086467332465626,0.6779512627611204,0.862879140078905,0.03420706942501943,0.5224868205415325,1.1536751927864968,0.2752628046771853,0.4844168170643163,0.12746734354531455,0.24984357919658912,1.3569639203395147,1.203240749740083,0.15458329874164975,1.2388995642409348,0.9839444756507874
81,1.4061135026704388,0.8130439371029883,0.16419738448535356,0.35732220940531856,1.390552847499071,0.8486176157833644,0.1627647739876879,0.4684450955622078,1.3834813033168454,0.11924762223492416,0.36632370762136857,1.3712030120756777,0.0978332017260697,1.0369156343958317,0.8782251851165626,1.4208947916546415,0.6904663046423293,0.7120979750935585,1.4529608920283614,0.13390016247427938,1.052872896194458
82,0.26499712988703733,1.0017723707273811,0.11607882678425738,0.8287389688560617,1.5388976388822735,1.3930565701687587,1.3346227560694024,0.8075816117671125,1.1164006339973218,1.5386836528940373,1.0720592367767197,1.2054236924671067,1.2736944431883475,0.12209866593390334,0.6251147399570152,1.3146910552928623,0.002025195247626276,1.4715025239642545,0.05688246515464947,1.4115488981000217,1.0397971868515015
83,0.42917607798500934,0.27603827620276555,1.5111568659577774,1.4511425852553839,1.272524287031399,0.30798462632740403,0.8562720378908721,0.3346515851422807,0.23364125360316748,0.785291384349871,1.1688333496874113,1.4522843147625248,0.8865022521714772,0.786198309573674,0.6610944610848418,0.27317705013566446,0.0165466341792837,1.0298579157320693,0.35663402043815834,1.2502703279769136,1.0911598205566406
84,0.7151124816607141,0.7396855061251991,0.7858932934310268,0.43649106084351397,1.2709310360461084,0.8348663374995785,0.3997942532077638,0.23639607369683482,0.7561208701111067,0.3386951065177003,0.6786321450161036,0.8287159015794364,1.5237513957042397,1.0548898665144342,0.7821503929883354,1.3683736422133757,1.3047203097573112,0.0004590226018981073,0.05246797527287235,0.5085641320858862,1.0644184350967407
85,0.6334311714282114,0.12345524478455708,0.6359569133101527,1.271884536926338,0.7923629955216613,0.6014447185769959,0.33138331196568954,1.3075019884581198,0.5056974732950524,1.4853515449125978,1.3281260147214093,0.11402407875454153,0.8355364533608182,1.0043285068318695,0.07774617214632118,0.10182072738618947,1.0853090674966117,1.137911792349119,1.312107147244219,1.4054305629224502,1.0055208206176758
86,1.1774573767199963,1.2029566493387631,0.8471306952147605,0.7875220017564744,0.37470485919839996,0.2810422665983155,0.08267572642841464,1.3235565415605937,0.7272076351832342,0.28404356417459864,0.6545888893487147,1.4889966189099495,0.4908752705061589,1.2182405490506467,0.4590907022150881,0.5058268456319093,0.3020970107440796,0.07510752640250692,0.8047154046074848,1.0105331758544178,0.9536548256874084
87,0.2544045738072154,0.7512259345448706,1.5278382631960594,0.6288817567892235,0.6477270805498705,0.1714162116335895,1.5047372793638722,0.11115528466129879,0.32003865568378326,1.2604429422372214,0.9405107035145897,0.09530444628984233,1.53555655862935,0.19603663467059357,0.6392121103828018,1.1402389901435992,0.385142142301481,0.2344172187376721,0.0766887203385605,1.3184548373518417,0.9933701157569885
88,1.047126074069908,1.2915143446620145,0.39283093757938997,0.2147328114441478,1.1996066501932614,1.4954451997949032,0.2215387019664282,0.5918419316547074,1.0427454327012795,1.2487137155439092,0.09239633089907366,0.7975667937608834,0.36665087856432527,1.5360647775585372,0.19477687748683725,1.5535575831119321,0.9550831781329583,1.021991925766755,1.5704798146381573,0.23619905737026467,1.0711534023284912
89,0.9392609006520665,0.45796366284797185,1.1885406541835086,1.3456608585295569,0.5202102583868661,0.8424659166986505,1.1940275362583412,0.6131105213176177,0.9338380710857802,0.33133788240467266,0.7421863166278613,0.538225748475306,1.2226497832039351,0.43612240907460614,0.008975430755848444,0.6189906066543844,0.4894198601978301,1.5144648248439458,0.8756905793858338,1.2716128458453086,1.1089279651641846
90,1.1464301495523734,0.8076288031576037,0.19558613708092482,0.7769545657889382,1.0909320457026503,1.3135839028050997,0.1833814481496479,0.6700731769501328,1.2182383107144283,0.555039980135953,1.4614286356587118,0.9642871123631596,1.101712981407245,1.0114737229881483,1.4904608450761627,0.06450812500176527,1.1854057923049983,0.9725030731410861,1.3941073224437381,0.7227354996894918,0.9485195279121399
91,0.017949398014363405,0.7544451454875092,0.945781101629169,1.3319615823779656,1.0121360484284305,0.8209180545734589,1.178073343771383,1.3764765706866045,0.9361218263528138,0.26060889215359684,0.9129345395193792,0.2738510159887524,0.5228928175089123,1.327920249087603,0.9463218260666629,0.37480369725848395,0.01634160790650714,0.3051494106040606,1.026243451223673,0.797908503916706,1.026756763458252
92,1.3925022649158114,1.5139789891377406,1.3283119381958661,0.680324647096062,1.3255759310776034,1.0593378144716779,1.0504864929239008,0.8464542941885538,0.7282834336636592,0.655087209939114,0.7175872737343334,0.15805300510278128,0.44684331006712025,1.1664248254742884,0.15480902461420912,0.22443602648781724,0.057429798256228556,0.5559159114107226,0.7677513938788992,0.4089111637113368,1.107709288597107
93,0.36463396178258134,0.11401689142925847,0.7936987541420542,0.9805524102154921,1.0620500083963693,0.915588952755442,0.7492956709785514,0.11206322869044492,1.2701418827221118,0.20719395315678002,0.9719311905038431,1.0619876687410095,0.15449386109798136,1.3385426830800138,1.5377109094028687,1.2979082199900058,0.4732310313308216,1.3667453357784625,0.909691853446246,0.8922690161415057,0.9387488961219788
94,1.2217977432593286,0.704209400815918,0.05048112295165375,1.066478632187871,1.2295244337037277,0.9357838089993947,1.4523984835015733,1.3546091155750792,0.43231007367528396,0.5106882794960991,0.7221708563295286,0.021296148898386796,1.4374632763746744,1.0218137591759486,0.06829169842224332,0.20104988731020304,0.016191790299745316,0.4038801491964172,0.5086406119210644,1.0303495833382441,1.0493371486663818
95,1.5477188895457163,0.8158407137066461,0.2027796414021757,1.3875108945399595,0.8447321926022273,1.0260081601917252,1.2304715042633578,0.5872604129391559,1.0302350223778052,1.4754690197419895,0.42976269178730114,1.1492341516816413,0.9273952171879863,0.6429306335637717,0.6127980761665575,0.8544250243990938,1.0146565379616224,1.2027660560900266,0.3571675451785012,0.36961248170264116,1.046952486038208
96,1.443058796517396,0.15844193351649172,0.2312825493050011,1.3671713517561406,1.2064426892539921,1.1520076918219273,0.6777963416110816,0.41225068125518327,1.158182459807331,0.9087221138479412,1.0934312358019505,0.14648810629895329,0.3694554194736111,0.7543892384639854,0.5178969780052057,0.9106220061335685,0.07414892861166769,0.7991241946441343,1.1251347392180748,0.48638014649142497,0.985021710395813
97,0.26617155670071996,0.18206891302509187,0.8082376714748385,0.9262377960175534,1.5352841604431957,0.8994339976169851,1.4242087348568573,0.06526420056365552,0.5846343469681399,1.1895601416897474,0.05211707046902779,0.9765521327001006,0.29705381078390886,0.6152125666429313,0.053319352384484146,1.3662381501588199,1.4923878015528682,1.5387259583191726,0.6927918632213731,0.29673748045741355,0.9443630576133728
98,1.3322685789444935,1.4323512675546515,0.4866079337490096,1.4980520606210106,0.48751583686786054,0.04676593631975192,0.45134231551603027,1.267401503817713,1.3415209544979387,0.355780043946624,0.9090280265742499,1.4740651493153325,0.3445513822305154,0.20339049004501272,0.5962716827338217,0.8697822362573074,0.2701262300423457,1.3011994609249575,0.2859739504542949,1.2619182811567147,1.0755550861358643
99,1.2751636583152328,0.07896326533455483,0.8779402415357545,0.9913897576386218,1.057856810341212,1.5243078821823055,1.0998776106464168,1.5409631638735677,0.37403273020814426,0.23773097462095844,0.7958539258978915,1.542452219850775,1.3151710281234203,0.7511619476498171,0.39008472743895106,1.0274180929673884,0.5085109168678197,0.3256140714169742,0.5041504187969083,0.8926134014379105,0.9740830063819885
100,0.7418781673133131,0.7259208187706327,1.457539714326239,1.0517345533057814,0.6806252325265315,1.1158906027626745,1.1003293692816827,1.1918442297649223,1.2532149080436223,0.13052961929891302,1.301537555977303,0.9952307742651603,1.081651135653082,0.3404468458216421,1.1566375247080687,1.429420670272831,0.34578846776546024,0.45945455057817486,0.5603003067591801,1.4949587456707447,0.9727458357810974
101,0.09762517174210038,0.7570748446253526,0.23066614391580742,1.5637038065506847,0.5836468897995755,1.0869089122036095,1.3061512402066384,1.0951637084993913,1.2523465229032804,0.19386390641325166,1.5266142779030591,0.11013224339464801,1.5000892773287209,0.7618448175812409,1.0263288889740498,1.0136938136669909,0.3714206577946607,0.09539729997686902,1.033093613061499,0.6940635832833777,1.0743610858917236
102,0.46591802589729386,1.5003975551563722,1.175498526963359,0.74389097279528,1.0164994750726173,1.1416860459021918,0.5567245387137596,1.207441531071191,0.17858460955126843,1.1827675642491011,0.052431218134597266,0.8559110351947447,1.051998757713264,1.26613485731992,1.4970624888463127,0.0936589955326374,0.08674599898779235,1.2503549245292904,0.966380818719515,0.017033066196826045,1.0446223020553589
103,0.8154429594055324,0.7207622405233047,0.9561898650549796,0.5118787955914019,0.24981145052833634,0.33404235228236134,0.3315726805412169,0.8674731947557907,0.14585285337827694,0.6839758554765093,0.43389726488632496,0.049843230362945155,1.252848167165437,1.447286639162313,1.096823038447525,1.3439440260502542,0.28046486650998925,0.14198429418217748,1.503818570728466,0.7905798830397422,0.9869644045829773
104,1.1771370682716122,0.8153958254998596,1.2838696550378579,0.43468116373815097,1.2955411054153438,0.27089744467101057,0.11800965960239229,0.9999901817118881,0.9928966171943673,1.055963633772862,0.44970509012184756,0.9076814944820824,0.7069225317184373,0.2002939949576338,0.22119504930339035,0.16569121353017377,0.6595827602913672,1.224301107387132,0.6244565376028072,0.5401952966560553,1.0479549169540405
105,1.536840173989657,0.36966921070400843,0.6684983348071017,0.5663073968570735,0.9429069648934656,1.2636092402731676,1.434447791897935,1.5190893623438515,0.9548186953416844,1.2306922690228526,1.4666126026668522,0.26142696540298466,0.7222438172773106,1.2439345494354002,1.3576293779822803,0.8883158426055288,0.8430624196386414,0.8136288197460131,0.006160266308486864,0.5224032857216715,0.9554901719093323
106,0.7475787719084421,0.472778559579922,0.34437647004953875,0.020651451776635844,0.5276531617044401,0.5274329162168168,1.0945014270180775,0.9574374635113057,1.468261563391316,0.5170231178886509,0.6521418770900831,1.22916880304513,0.8261745436800335,0.20568868270064544,0.12296902942732019,1.318255370800311,0.5517647116815471,0.41659560816540325,0.5119079972316538,1.4376292506334534,0.982812225818634
107,1.2556315032935172,1.4288608627509836,1.2443201220242066,0.2524688663615399,0.8682425614341573,1.3126512997460638,0.5976888683130066,0.29115264959646686,0.16376385309447727,1.194228489564633,0.37340689202545546,0.7323909644996565,1.5590191895726633,1.2503825602466532,1.36668436682224,0.0964425179208706,0.8380622091201262,0.8248097832590314,0.5896603925617766,0.8496075848841198,1.1416321992874146
108,1.3890226564824577,1.1903370246562772,0.45678934605167776,0.8513511179371707,0.8975945693679451,0.46859695668738577,0.3637451375598725,0.035787406574197184,1.5449331798806722,0.4357128383778295,1.3746993360322801,0.3282111670273891,1.5013787939777326,0.8059391977136816,0.23096704824399183,1.1897972140733866,0.36963015246118003,0.5184826529688153,0.022861252529284865,0.3872415331044551,0.9939009547233582
109,1.3896848757110336,1.3521240750613637,0.000581801112272938,0.8804434094136985,1.203783413728078,0.14254393089642475,0.9556224964702289,0.5106199442108754,1.1631742971428045,0.5050323213935543,0.0038364960206995974,0.1180710672616062,1.3519111104671462,1.043505040141518,0.38081416770032445,0.8735899405521471,0.02933392192131358,1.3516523870360841,1.4357772170789254,0.2967287525524819,0.8966799974441528
110,0.3335185114101653,1.4746246831647318,1.4886237488392733,0.14222625802791067,1.4224098862836607,1.2799032483737942,1.514402165732648,0.7319166907828735,0.5106258508324749,0.2462106183714549,1.449960253826872,0.4888523929939156,0.5444407434154775,0.0768160809756559,1.4856922708143876,0.04785987139617085,1.321412121328119,0.25895512005961285,0.5613474458219397,0.79745601578338,0.972890317440033
111,0.20104450268440244,1.0184221748258493,0.4924776087236429,0.11223481625359498,0.4132072303471667,1.043347550650824,0.7456548433498243,0.6670080132087018,1.0114471753182748,1.4158364016984686,0.5340236240608391,1.1484932281297437,0.5252208204467801,0.7217303215947503,0.8663529830344083,1.0284278414702006,0.46618922991360146,0.5092428602040696,0.8803002952322864,1.440910871472105,0.948801577091217
112,1.1148710320570514,1.1104331958998597,1.1068789280346294,0.3707992592600632,1.1102366469994827,0.17849897608390747,1.506762254284783,0.4296700458235757,0.08285263976208153,0.994443923443842,1.1333005258465576,0.3149516818392163,0.6013521774152514,1.1108394840517988,0.2115809984058032,0.35963593261724885,1.456733193411977,1.5208703460097759,1.1061425116557562,1.0736705739825712,1.0136357545852661
113,0.18781559855127558,0.7772247166104436,1.2138853096587352,0.32981762452416413,0.5641757541526603,1.4465283490457002,0.2950869337370338,0.7174682332896266,1.3963424605020531,0.24825917408721132,0.9468506055053686,0.3582543797956792,0.13869072126596185,1.5604149983645863,0.04979218743715432,1.3335307448400877,0.10007423391564835,0.6890613672565542,1.4585166460985206,0.3168529904764026,0.8664542436599731
114,0.6765987996823845,1.087375221191636,0.14038213779727313,0.5965704807627832,0.40290251152583056,1.2094342430307794,0.15746804210807308,1.3093003924389826,0.785478979611392,0.23200073381118894,0.502151463081574,1.4346453314537377,0.17791718674170243,0.7772236893372848,1.1121806362962507,0.0574861024789051,1.0521904439505,0.4226175062859789,0.740956119256076,0.290025437239816,0.9021058678627014
115,1.104937897429849,1.1098314905120024,0.9491117115551042,1.5039097869177145,1.0997710374074046,1.0046848907893473,0.013632667641462416,0.44106201007824025,1.3364842073022154,0.6953443352928488,0.017250222406811243,0.25928967310697265,0.5879986825426858,1.4144152074511225,0.5848217795215369,0.37930320856422584,0.6311964137785786,1.0255093493959802,0.026941867045865757,0.8872215219349453,1.1392552852630615
116,0.06354220597326656,1.5291920520960685,1.0326027661585429,0.6438278065486533,0.30173214071112725,1.0609555836574451,0.8249168077931024,0.006370510623356856,0.7990092158333362,1.0990446395538356,0.2694502816524242,1.3486273152077124,1.4362174986011291,0.5532728628262343,0.6975961940622322,1.3149653733632058,1.0858257859856386,0.5433728062443645,0.3407107210283021,0.8293696888291303,0.9552278518676758
117,0.9961495418992461,0.8562277414596218,0.6204149215096723,1.3467654864963137,1.1885921054889401,1.2691498026175105,0.8750693338945071,1.2359746049482647,0.23024687667379004,1.2494226926537644,1.4350631831233993,1.163471969671717,1.1890945095841592,0.5222637191589654,0.8388173973597014,1.1136127527983566,1.0444900308178364,1.5052613584384695,0.7561028964946435,0.5909929253304231,1.1896358728408813
118,1.350403963097606,0.6787635233290341,1.1641346126810863,1.2812281848872369,0.9605662859987717,1.2634572551401106,0.8811314778709971,1.0861140478663576,0.8751130361390902,1.13348836875365,0.14892249601431912,0.39963361190580804,0.8946878818398926,1.355905292528667,0.4670757266321206,1.2750552397629729,0.2622291125302273,1.2861248228230708,0.07729004512483002,0.7015499524349106,1.1143767833709717
119,0.7531298441772236,1.48419842793822,0.5110985400097208,0.3881613824141014,1.4533782436455926,0.3574348617587677,0.6211296117467401,0.5326471566568715,0.4798200556263954,1.3671179560874112,1.2132557154500214,1.4055490867810516,0.4234810402658167,0.45715220242885646,0.9248249270297532,0.2743864540568671,0.685980074253672,1.5621618654117833,1.433444865324292,1.1937050493618555,1.108864188194275
120,1.5072322275529382,0.6096361846808411,0.8119274974070353,1.4995618365247074,0.07533325277814387,1.4202328667279078,0.30381843642256234,0.7245729211397682,1.1479419178839019,0.5282511343828225,0.05859666299134778,1.4827577071791476,1.4326957021994893,0.5052522946935742,0.18502900304168687,0.618468914254693,0.09102031950788914,1.2622131490001172,0.6222293340592643,0.7181532478774016,1.1029350757598877
121,0.04488369334242583,1.172641092461422,0.7597436875401002,1.2186464529100938,1.2853292644103287,1.0744230662793532,1.502693164513369,1.326014501236497,1.3676609721192985,0.2671437550198776,1.227059642314926,1.521712644290744,1.0274211806067455,0.724447138720802,1.337594323503112,0.566556821430403,0.9403294976250122,1.0163645238579093,1.2757151918841823,0.39187380786619447,1.0242408514022827
122,1.4627186679646353,0.42322055951368465,1.3331147412486197,1.4315377130464315,0.1103931632379604,0.19894537935620438,1.0555303214481984,0.9679694713454821,0.7497222332164786,1.2869262651391515,1.5155268305438714,0.7665398182177546,0.4060988965045097,0.6317547234243014,0.3197638677049495,0.9444585394573577,0.25859725972786984,1.5231663059623377,0.6572227634206091,1.4056603499338882,1.1627310514450073
123,0.9221289521703551,1.0805951853146494,0.6798491071822437,1.2688827767975077,0.47147048506818023,0.21039535224845285,0.6340675165348194,0.8854914237764101,0.07131246159642544,0.31897116589337465,0.6489427633322173,1.3869363653428568,0.5982140257246603,1.505029512824306,1.2041824527842768,1.0274549014055958,0.24618090590662256,0.6625013383727955,1.3065518908509128,0.5657771068137063,1.067543625831604
124,0.3524419872341726,0.18544392080190028,0.16471155494800047,1.0543191329462194,1.2304431852341382,0.7575232911546778,0.7385847164555118,0.45103654179456476,0.39419277365409394,0.37164773936980383,1.1357834536104685,1.424096187258486,0.21146063483316047,0.9094486122709575,0.003497087972232575,0.1170080223524847,0.9472218779695966,1.5040293513239351,0.7816674341250365,1.1344021415319783,1.0392433404922485
125,0.9390796910423923,1.2314370085862074,0.8169608941945767,1.0155637126913033,1.3797617465632157,0.641964033607201,0.9193025887901101,0.5344382980906448,0.6431114867242228,0.011945556051905924,1.3973531858238786,0.14856524077396313,0.8782172961053165,1.3634785668965743,0.18710876927574646,0.7286263639700947,1.0980890332001878,0.038951476783210454,0.25604279812589426,1.5158058865397213,0.9220058917999268
126,1.1196216180344378,0.1452175739945867,1.2874083731578156,0.6584512609274139,0.1427357345152268,1.3026004280930703,0.6114961436425103,0.15582448302031407,0.009421651632677669,1.1583162375561997,0.7579322440316759,0.960713611252226,0.4477184328195484,0.12041234596889903,0.026633865315529064,0.9035481721570594,0.9136565573760321,1.5007516169934123,0.8508010887544583,0.09299089314988707,1.1023908853530884
127,1.1334037086771362,1.0504949719985035,0.9671930355115916,1.5141920209222275,1.1922586265024668,1.1892228171241424,1.4831062924794796,0.568979375282748,1.4251483248194803,0.7156289915864593,0.7046306309918274,0.050852201500304284,0.10492335169454677,0.9746082423462927,0.7819940255341447,0.26216634475583883,0.05490287874692884,1.5219963939830043,0.7411121376351018,0.595517443638946,0.9660341143608093
128,0.3744854700224677,0.02237129707190983,1.1804696570276365,0.8449549666782028,0.4497148821054598,1.224924043030504,0.27045316553856685,0.9518117871216973,1.2663310878942933,1.1124257496186296,0.11511744076943982,1.0595405365968504,0.21797427544453787,0.7048778363320556,1.4604864784661993,0.03972180834728136,1.4398782517101516,1.0632036097976365,0.8519390690281263,0.11185477870944682,0.9318190813064575
129,1.430854503129308,0.7664891078560533,0.13806957098262593,0.269022587641121,1.535339533613787,1.2818977751938707,0.5597634205861198,0.3137394786929946,0.6959087416784147,1.338268794807568,1.4316941534534569,1.5662868766139026,0.39534918771705396,1.338979392192572,0.9352809445085393,0.30954041370456736,1.172911488691514,0.4957999700450896,0.5429747788827882,0.1614243553487689,1.025193691253662
130,0.3152635154995448,1.0602903646767807,0.5570101931653005,0.6700771029245144,1.3455172368293333,0.13976220335221254,0.28442474129565465,0.15879440623683772,1.0679764723532585,0.93729839630883,0.5535808908527433,0.8985926752516136,0.4600316345823214,0.9876333539459814,0.3836477527196102,0.067374684779437,0.5512055640640635,0.7722530842510839,0.1981966887220779,0.5093163131858898,1.071921944618225
131,0.23336551754900625,1.1058798821471907,0.6838582462300165,0.7159775928151827,1.1700120660067868,1.0418272954140124,1.2969219138739108,0.448079078416664,1.3798923298474177,1.2745666775041085,1.2157305374821408,0.06914564362495361,0.6096496093557041,0.3016196532891626,0.4753358788967954,0.5258316302559402,0.8364805950619599,1.3519618691516428,0.8052708315291722,1.0362585877287174,1.180390477180481
132,0.07460114492049041,1.2209047267298898,0.9666352195399647,1.045353486071558,0.9710916983739966,1.1569764115517496,0.5610115202573283,0.742505944823417,0.7331104713705394,1.0081351639519527,0.5392870469206343,1.2992225873158456,1.175484931339228,0.4101460692603669,1.232527151503715,0.4044186709271657,1.19744826498703,0.24416942131354386,0.173104520395742,0.045473722349362436,1.0814573764801025
133,0.2864073600714655,1.0462081119209712,0.5446300036822026,1.048272294770027,1.1369847702998643,0.43051623899165886,1.5456106917746784,1.417637803193724,0.23410790755682997,1.4581267297246305,1.1264613654119537,0.92781929696753,0.6062266987240501,1.13064906539184,1.3881274930896395,0.6928118879606969,1.2915519537100595,0.8402543293512016,0.4176941404381771,1.301663862536475,1.0896543264389038
134,0.3860748385779591,1.046177816688684,0.6397467243105431,0.8746397204805044,0.7260013566485466,1.1045217052168406,1.1198021104591485,0.12879032962114143,0.6386778135570157,0.9963942433089605,0.7558464005325404,0.10235035876603027,0.38912508385663397,0.8855704243461252,1.4947023124136012,0.5024197145526266,0.9917955007730656,1.3201500426120358,0.6548770777150625,0.5491157799331944,1.0065126419067383
135,0.32017663973059896,0.9913761605378344,0.34689780341167914,0.6043097965005321,1.0335219718358393,0.5063836975445308,0.7923684540026394,0.5041720991773043,0.20463938702877552,1.0368884155690148,1.2184790816978324,0.623577134317454,1.0438913695268925,1.5475573652421415,0.1464547666740824,1.2819412284073153,0.8460656934767349,0.6719265933661772,0.6353545307432006,1.2713398832282483,0.8677546977996826
136,1.1513646746354484,0.27380295938574817,1.0616010985525335,0.40624542200345876,1.5422077227631457,0.48078645340711335,0.06379260896147604,1.2757130692188055,0.06202971299536522,1.0584855744306947,1.0563299291452801,1.0671264500912925,1.1274958143695517,0.5055668967183137,1.305775594357312,0.3665855146633005,0.8469596095501649,0.9062164018013991,1.2378807497506836,0.18826620876518044,0.9382098913192749
137,0.1499627957794671,1.5707384398944524,0.5926251058315927,0.7027698916028801,1.265615643620469,0.07065556149974964,0.9699676722017592,0.8003625710818307,0.98722601101759,0.7768862014706278,0.8090077713676048,0.6096253490152291,1.4007966908390534,0.2684830862495441,0.4820383195269912,1.0063450476061058,1.1626920262598308,0.8484333506163884,0.3780779136563838,1.4563532055660877,1.12964928150177
138,0.5910972173467326,0.8243978920887434,1.4118492424732427,1.1435176983939104,0.3473698278425932,1.291318368333422,0.7934456814852408,0.7319106509754011,1.1610325698003714,0.12974457450933613,0.6924006691723732,1.024310670352098,1.527867922767469,1.1223271802293637,0.7167810484914638,0.3609077024162942,0.15481603696398874,1.315369656710166,0.2997759273363436,0.8476556438237435,0.9754458665847778
139,0.709846003331427,0.4634006385884908,0.951547428614709,0.041386143765012706,0.3590572836588726,0.5307318141802155,1.4308921070942278,0.08899073233954342,1.2582921006618897,1.266541385254747,0.888416817146054,0.9948009898671674,1.0553747956647381,1.4815181778352098,0.8326648701493995,1.4005431240867459,0.6006610313470166,0.6923009809918652,0.9421383538637061,0.4741199473566046,0.9932047724723816
140,1.0698629025020707,0.7808310921827504,1.2674629071135384,1.1365553229775502,1.2931280459265562,0.44558687014321036,0.7656009066948393,1.1404310431545486,0.37068062293694304,0.26127781538386086,0.16771236774352521,0.3117954096233988,0.06883130376927503,0.32846136237871537,1.4647008335491574,0.20867841249731872,0.8801090698369354,0.6757196708839567,0.6081313139337496,0.9322055964266002,1.092313528060913
141,1.159661628000857,0.33246164662240046,1.5110346462697386,0.5394566001382382,0.7595778628561947,1.3941773742130525,0.8283319684832696,1.2665262960307329,1.4025797990274003,0.8095163627204319,0.8807120739290272,0.1018519161633387,0.1628965924699335,0.5036135049062548,0.15299953284945353,1.1759074841670056,0.8736476408903201,0.8515411251826892,0.2724724438237955,1.256823628790258,1.0955859422683716
142,0.5079876732007174,0.08384946679327897,0.49005697981266155,1.5642503715297051,0.654287158060003,0.6114688733025956,0.8642585994972112,0.8225086162087044,1.0899530192923617,0.7935073280660736,1.251845702298985,0.926140568325224,1.2737671222487206,1.1802685474685204,0.19086514242561123,0.8795211783812882,0.579128488193718,0.30455191659212455,0.2963552795258534,0.32333454687795243,1.0253221988677979
143,0.835225941394942,0.593797909670115,1.3891984328798728,0.7079222157334736,1.504753199125733,0.008581623570556973,0.8208184438015268,0.7005827947566006,1.215510798057279,0.3224733141890124,1.3367549693600034,1.190166342975057,0.043235767991028226,0.8358592274916149,1.1873986150742297,0.857910958281536,1.070330112542997,0.8800068969132527,0.5147240066918638,1.3191220859160735,1.0830419063568115
144,0.08053308594437035,0.9899338535252449,0.9334336097371791,0.716489612126581,1.1354718629582747,0.5544652170139189,1.4078423951185548,0.5008032600328836,0.8565291778107907,1.19582600834081,1.0836309152830286,1.5375189411758095,1.0478773510392134,1.3461689536678718,1.5243000315989252,1.525483425472513,0.33465357202961354,0.06834631179575543,0.7373239561384531,1.2995411240021733,1.0089622735977173
145,0.9176747108729902,1.257053552523123,0.09376755720659176,0.5233167637185462,1.564229352250665,0.7449273433179572,0.3157650728267014,0.14024564841021275,0.4095043597686907,1.1102480034887345,0.2541581926475262,0.4371403760249816,0.07467935366884394,0.36216997738291146,1.0413296486518486,0.16237872063630124,1.315292235780421,1.5237649351005986,0.17475832997267843,0.24319748918243905,0.9249629974365234
146,0.8829391927687674,1.5569255169687355,0.345407287563394,1.4649965335156372,0.5197967034236743,0.23882691914153462,0.27153766367059795,0.22692405760185688,0.08117854963216353,0.4594972973096503,0.9999193695223725,1.4561925119800432,0.7976308347106207,0.05134885643844752,1.1554304091645173,0.897077402313593,0.37612769863865675,0.6860274006297082,0.33951482353358176,1.469479274683323,1.1740819215774536
147,0.44745206732216963,0.8828590588846941,0.9708737910238585,1.4460208448298357,0.5521579228675136,1.092008265629009,0.47794889144432423,0.10594410723389014,0.9898534016267476,0.004248965090961133,0.7161120201751655,0.024110870346301667,0.23587545602752555,0.02150339006350081,1.1893872915318096,1.0370215128531561,1.4358497229941574,0.010915089358432774,0.14629180125584118,1.4156626717837704,0.9066380858421326
148,0.8397461301408474,1.388889608874496,0.19943480934465402,0.33828270959112444,0.27774050854238325,0.24806381390349422,0.8477752280376155,1.1936222388623896,0.9399940176220986,0.7177574739261148,1.23846260956148,0.3849652116848274,0.2554228077826192,1.3932803651335959,0.5482383247620406,0.7195177816196467,0.3201318402694548,0.6384727386209917,0.03176604827367828,0.32957913691056623,1.1360106468200684
149,0.8078653736062733,1.1022082830251518,0.028225096773802128,1.4423355341131168,0.7088503797049612,1.181646302640259,1.4100516661001803,0.5081601638136058,0.5053052439977321,1.2343543932531282,0.05233958030363177,0.48140126067651196,1.199045123330864,0.9052183625759287,0.776607241988979,1.321060078715423,0.502666247907055,0.19506915153977367,0.27759456942138544,0.6315599808250538,1.0435644388198853
150,1.3877906246741543,0.7957763954939259,1.4916241158549626,0.9203877501982707,1.3915524656687572,0.5388379244599931,0.1978887750336608,0.3637953410118895,0.7909193816119887,0.5289502477558986,1.4125798607671352,1.561626458259593,1.0661356877721624,0.16772506390412298,0.612087736802262,0.7689291056130202,0.7002000567134347,0.3818113007501709,1.0792317490453318,0.3289646216454461,0.943110466003418
151,0.7082832650347695,0.9806719430998821,0.1353417085177121,1.1338661727961303,1.1650553872082627,1.3190524751455386,0.7281176859413023,0.2904490491041893,0.12131402330876394,0.4270075564288894,1.2425871158358193,0.5575365568662024,1.1788676254007944,0.1758083208660085,0.323443430391107,1.4995786643653233,1.0507099850348285,0.6053000342312992,0.7946904325886226,1.2849903927122426,1.1524208784103394
152,0.4790810507684103,1.3384543209626734,0.9642269452286581,1.0715455326246464,1.1694123249036772,0.17009238126723794,0.998684689589856,1.2811845530072576,1.4530217463016373,1.1257210031412417,1.3032849231861516,1.0741141404763606,0.55279594704701,1.2844430584246234,1.1223451346957207,0.17015957979281116,0.3505517500993422,1.5642279032313544,0.2656734062339441,1.4467920872575875,0.877466082572937
153,1.567678695851053,0.13921197150527692,1.5182234503455025,0.8953357973572665,1.5534031442671639,1.4719554907905665,1.3485884614623063,1.2940393360218525,0.6344947553326534,0.5653304083086975,0.3782893533545557,0.4889836138559493,0.4126851048961929,0.5776045806831879,1.4496806090938812,1.4417317704902741,0.6224084528360813,1.5143365214749882,0.8017787242393929,0.8870348571219684,0.9895886778831482
154,0.4889772966207289,0.4587421242538817,0.2546790928126229,1.5512280407238044,0.8761126899042158,1.3737288996716757,1.4718927514890718,0.28961366045073117,0.23599060121710833,0.4862786346330824,1.2815921122608842,1.4627477444427754,0.6428154463134733,0.8484943812208287,0.6202944824038036,0.5451274279919195,0.14308032072613383,0.31927879728031616,0.2049737661689402,0.6596985712892608,0.954475998878479
155,0.21088838465412593,1.5544226104769472,1.4547712227039014,1.1175961015260867,0.27079596223372626,0.4020551923614939,1.567373828843633,0.7993116686447148,1.4630472644887274,0.06118073236349865,1.0398734592561407,0.9055663222126907,1.278979974968654,0.2979355192523903,1.1845488552597818,1.2806098469058125,0.8618057299483232,0.1749254481821555,1.0164113425776462,1.1907755452304996,0.8799492716789246
156,0.38263451103647506,0.17706071886019784,1.4444483174689609,0.4859166214972776,1.4612829359244484,1.020001640148754,1.2185779980126883,1.5402760203613408,1.4748034546224635,0.5058415788404512,0.5930133025727867,0.8817562025945535,0.2902985820648012,0.05285692202912122,0.6868226761864593,1.5178490901570674,0.7779637337939933,0.21466277459540964,0.5783082568832331,1.563100374776238,0.9249656200408936
157,0.013730510823139563,0.4565557271355471,1.5381496833184605,1.3809233625801685,0.5931613948664373,0.015628648550580982,0.4371604183319354,0.0739047177827863,1.3115911213868015,0.3795716344529642,1.0008344746578877,1.224005412520108,0.21439271739200344,0.3481212849763057,0.521332511358954,1.1959719871040526,0.716166055695094,0.4969878529439928,1.2400557604767601,1.0669147842096813,1.0645393133163452
158,0.7221985352798812,0.12796357693212757,0.8532357546971209,1.500363037463314,0.036248154261422305,1.4171176334043327,0.0974275223478867,0.5244601371212427,0.5129206170128432,1.0541206480633716,0.2925455063472237,1.2665882672998792,0.5185960625336584,1.3832290184792841,0.19300188809656843,1.4768541002670033,1.0709515808258487,1.2005345306875055,1.3509498911555706,0.13937516899191799,0.9909469485282898
159,0.5129142427424555,0.7522908750399868,0.4074292626678042,1.0565559574425238,0.11976393424859864,1.3082358950945117,0.09948369635468175,0.7242107413500887,0.5816027729327142,0.5464043741553017,0.6594609032275063,0.7076878850051109,0.6008954424565991,0.5391924978515307,1.5281457463415036,0.5417974910586996,1.0529272152491636,1.5109288614412195,1.1349719800467377,0.6005729672250423,0.9468685984611511
160,0.6350915524508042,1.0474726679781283,1.2713489003346248,1.3137611357603007,1.0300895588979933,0.5879480882835769,0.3214059998530531,1.416385358517227,1.5376155058879497,0.07594598371864257,0.23516525561193483,0.03423443048674193,0.9411913971952036,0.8508795054939963,1.249347008797696,0.8823764451162763,0.1928345416619574,0.24443957546648087,0.5107143664992724,1.1871179261356317,1.0360820293426514
161,0.26909068388021534,1.5599251940114287,1.2034865960525518,0.6406378149005121,1.0042209264422641,1.3954025959408416,0.48423513591965955,0.6442440719853151,1.2495831209606156,0.1282684823912265,0.6371133862062266,1.5633017254632546,1.1668836584508722,1.1876262801816622,0.20903476997010592,1.4677866266102195,1.3518453073935133,0.8717836357446741,0.28916083143820764,1.0516114637224327,0.9067955017089844
162,0.3235585949964951,1.073290448284228,1.2902124848110041,1.4396184395043305,1.1765849599784366,1.3061873047614372,0.8974439097374779,0.4772076162800388,1.2783507743329174,0.25198725552849566,0.9984474163291815,1.1924144191628654,0.014364597232406202,0.5851637090098256,1.3549709419083957,0.33412086640791716,1.5559497384804737,0.0181807614705358,0.6610684702682447,0.9502142402328536,1.0640439987182617
163,1.5048032425184954,0.1675524721813223,1.0834922383334389,1.1208539834921567,1.538308950702348,1.5590811663871715,0.7960483619564173,0.9616262583519045,1.2538780914171592,0.841724224388513,0.20876429980814404,0.8829593144926572,0.28181968586509515,0.5357230430597778,1.0752454837607346,1.189758370833996,1.3479550315676054,0.7195390996237958,0.2692355769390479,1.4820954693199995,1.0601593255996704
164,0.5504726543785863,0.07131411684970147,0.8356412077125361,1.4811001549005733,0.38168583924147953,0.31658571074084396,0.3991307726861503,1.2831392611477506,0.9078992201316524,0.3804559985328611,1.4253668093623102,1.032299330905442,0.8030687016045338,0.07581021661696245,1.0422336349407166,0.0012741691748042617,0.23650832995498078,0.8239183570213117,1.213037305869023,1.3226477174703728,1.0460516214370728
165,0.5912942941736868,0.25634433661944683,0.6106162459156068,0.9899298510234964,0.8880765053895667,1.0416913671476389,1.517585388799648,1.0470448912001546,0.14868673252359932,0.72131012632577,1.08681409183929,0.8899200709052385,0.021737644247530087,0.6337892568920027,0.7791091602454743,0.9437861399512958,1.2335755121847123,0.861137486728906,0.26784887172085364,0.668503832709812,0.987295925617218
166,0.7359962142575333,0.9865996671894246,1.2004901117387283,0.6191593940322296,0.7346905582713394,0.570877381538231,0.9826313978370548,1.5430631013126428,0.6823748411690426,1.3489438964268168,0.7301890812317453,0.7220600586778115,1.1382869684268377,0.5419800760121154,0.2360397649082576,0.5693670324011408,0.26704734833149507,0.630727455632768,0.3985607965373812,0.6795785941601716,1.0512586832046509
167,0.8805718083587377,0.44074745159595935,0.050215172762040364,1.3622702780365974,0.5968298934446032,0.6318597098792423,0.6065665361120713,1.3143868530024012,0.9305996043369478,0.43605338245684483,1.1001454391784389,0.9405401483607547,0.8734689251575428,0.7605107245430159,0.4532630000816146,1.2080728444650026,0.771781127582255,0.429862349927235,0.40942289277744387,0.9984436482586697,1.094416618347168
168,0.8080127463854172,0.2925197433352915,0.2463575449000655,0.852386736081563,0.7274285065765977,0.9877946692351716,0.6474150155538029,0.58394454956628,0.8753690713987672,1.1816295782655595,0.7444923113272935,0.03042135536837351,0.23768150400774604,0.9781357637957794,0.5002555527932427,0.724438699568882,0.8289991336816719,0.045087720554547676,0.6601554617315841,1.0239420712747869,0.9670011401176453
169,0.5225724067181299,1.0790542113879154,0.2677911513763157,0.37242923661719934,0.7154659260281508,0.01222123492222405,0.7384735502850683,0.755330602042359,1.083417811461882,1.1331851819835315,0.3869243374611923,1.1212173950445177,1.4841101975726927,1.4015481700365255,0.009273779190328594,0.15874188457153815,0.022606409428414822,0.31938523852971706,0.16624892452633258,1.328988906021285,0.9545596241950989
170,1.134323682251808,0.3638071348836685,0.4315328455045404,0.500460539039982,1.0863443777077795,0.35073938015569306,1.216378494530473,0.5675323548658996,0.377972800896923,1.1172381256094777,1.3057803052907577,0.20250372746220932,1.4452448196900562,0.28096108445902407,0.7372403605594303,0.3556955740818677,0.08633697646180698,0.14790060019216486,1.0971679326408483,1.5140382045610283,0.841987669467926
171,1.3769555468486478,1.280005577352273,1.0594095247045823,1.5610227347580774,0.7375278574988576,0.5900816454858663,0.8553747872305043,0.11680873678866883,0.13984815363600817,0.7353496814233251,0.0740694641490644,0.9838974567935125,1.1613375018308278,0.3527046192384949,0.09782559940687678,0.9213719998049373,0.474489158723661,1.0621236779178842,1.5012438973237752,0.22701951322686628,1.042832374572754
172,0.5141380185463333,0.6906812373866914,1.181617106781404,0.43264641216373106,0.785071534317281,0.9433589789885698,1.5602294167863866,1.5243455289160677,0.6156376061099126,1.4913474254072052,0.5653062524240837,0.13923903252757633,0.8000086569896239,1.2944951830531792,0.11464290290376852,0.4069446435989816,0.9044689330127135,1.255747082344182,0.31914235160981635,1.277789431426253,0.9961472749710083
173,0.7513166962675855,0.9926025593806692,1.2348463110349797,0.7576107253947455,0.7159263843581817,1.149125003685611,0.7105294525472036,0.19072617932944927,0.8796124255104085,1.2645755390019526,1.3078525123508948,0.5111341034264755,1.5551513366078809,1.0027743594178073,0.9975327946669804,1.306092710825245,0.9274663090978118,0.46885538804407834,0.8266826325381202,1.523325230934056,1.0043715238571167
174,0.5623694739083848,1.3349386772796856,0.8161175527717444,1.2475730348595984,0.7855813057364336,1.0624293716712383,1.282798543430875,0.43507431020995657,1.1064477660589587,0.6519767092900676,0.9450515651499137,1.114675377773066,1.354516299103057,0.39118046656389127,1.0513454404610647,0.34223770334845116,0.29682348099264455,0.25507033295425924,1.3538729774134024,0.07338572337095321,0.9612128734588623
175,0.7836947633085443,1.4199819969464302,0.9029978269939238,1.1459740457528045,0.42300494852955145,0.15298201934725839,0.7991758080973874,1.2876111547780036,0.14667778647890992,0.23834492185303888,1.334298833041538,1.110105603189167,0.0038001021177611997,0.43328752013871713,0.21024165508761783,0.9691820567445845,0.8172709158134135,1.2614208228522443,0.011168409847936652,1.0864463721727358,1.170426368713379
176,1.5438240053507715,0.022151830348717674,1.1306456719073292,1.1927059178191703,1.0766405937669818,0.8894938511449307,0.7545888938026386,0.5541672266223205,0.0690136685950725,0.8378923686987415,1.267153215158508,0.588457698562319,0.3047053811222743,0.294164304448755,0.19186701586908458,0.7938397880241748,0.9163799046307599,0.3129521664604259,0.43963569807229536,1.0652282913761615,1.0822155475616455
177,0.3180088784882181,0.6603317440485408,0.04199598025098562,0.2663773375413611,0.12190004364172087,0.6358755847666784,0.7308485767372198,0.9675449833365224,0.1410005020777626,0.7510302162415983,1.163770421696328,1.3137517755161205,0.2895385269864705,0.38503463481762795,0.5220924981827085,0.3393320898254446,1.4257024451412355,1.012049296643756,0.3198503847370149,1.1922256474709358,1.126357913017273
178,0.00835008143718313,1.2211532644343872,0.7544776608930337,0.08386070763224425,1.1067750910766112,0.32186228499530023,1.2424627638988408,0.5670217569813197,0.3465237042725528,1.5577950670397929,0.2540176971144298,1.0914158845609216,0.1386452867194841,1.1076875862698747,0.24432159587018412,0.5966585107221668,0.3249176159739534,0.19448709180870383,1.024911149643819,0.35752928776877574,1.0188603401184082
179,0.06811733545270414,1.5559908104665918,0.3273643903743324,1.094957721361542,0.6775090963910018,1.5239778747439179,1.4695220243099985,0.5205652315913145,0.5039292628377015,0.27864393298649476,0.25959844850097435,0.13689034986566936,1.010177537342331,0.40626685648452143,0.8686639007351665,1.2045526024009636,0.17173517199211893,0.4561033982219671,0.33611354668426285,0.9015136635420082,1.097542643547058
180,0.05039812749424575,0.7484979565526677,0.31601279695245216,1.193935611009983,1.0247098199226157,0.6314216815182655,0.5175347332863836,0.724681625551472,0.5062853813501808,1.4361984458331865,0.5879884960848419,0.3379875707734631,1.0669197676729318,1.548958616102022,0.2837545404541528,0.5266233288454858,1.3647622687151615,0.013873191161721208,1.4164111030383704,0.44154845592838043,0.9445250034332275
181,0.031721871664466814,0.8353057555343177,0.779617530673399,1.2100397021522236,4.901283656759944e-05,0.4864834503808635,0.181468713602834,1.0654524397495582,1.4938513451363573,0.7977367875797989,0.4062285352152901,1.409787984996879,1.239654082533348,1.4610099523844495,0.8152781758819279,0.2315277932200376,1.2246009192492195,0.6087398032384389,1.5317765798374137,0.38421892631585364,0.9918649196624756
182,1.1868235918940724,0.5810517278465337,1.0792683219634334,0.3704973169295115,0.36941141821806106,1.505828990196144,0.9662726560605791,0.507374312996532,0.08688063487564807,1.4105354246339448,0.18239268053581423,1.0506965005632745,0.008648251151194478,1.0175803731502513,0.3849374213714273,0.5743481659664972,1.2686855955769223,0.00047930784454351514,0.4359838512026565,0.5597457848191646,1.032366394996643
183,1.4822786797710896,1.4433907889574444,1.4075465680511734,1.0294435116725602,0.17239483690580723,0.23036108613331088,0.8625248314696952,0.2886875551109648,1.277579520174929,1.5613501280709607,0.7225412097915037,1.4545492409398761,1.3408181084676596,1.184813467801351,0.6446741567475974,0.9939031690172313,0.855139689256523,0.7871701371367568,0.5462239954489384,0.8515665876169807,0.9609434008598328
184,1.5057023925048119,0.3837136650536473,0.9815591110882775,1.1849319514090766,0.015784323834046946,0.4464173053750908,0.7503999164674579,0.35151790910920394,0.7642843715122735,1.0025754942858929,0.5718620627058997,0.06913106556652879,0.8777576580243044,0.26096758255221914,0.49473665675015527,0.4050871627896463,0.5042616809883852,0.9407116793880935,1.5007170591901016,1.386405781547788,0.9902265667915344
185,0.7222694428886332,1.2254314930311785,0.18952037065405195,0.1084828243253513,0.8878009552952874,0.6168751078459932,0.8672164389689748,1.2261525394978754,0.07149881880941297,1.0975346247478956,0.057664520699153565,1.1338880692321778,0.8437968050614685,1.4674246248525025,0.7898341777629955,0.2993428326564563,1.3228213445848345,0.36953220377102913,1.2027023718634597,0.4541098634230079,0.9524536728858948
186,0.17913004942301938,1.5107698030891812,1.0547495984717183,1.1495975962915228,1.4530305762086233,0.2760588961105945,0.8098664135974153,0.2008469559058697,0.7895762201255049,1.2481841613621274,0.947275455520397,0.9858161752385025,0.4464672568798097,1.5508438553144963,0.9269895884911523,1.1137745690533543,0.4283308518423611,1.4464278240851178,0.6647530066256087,1.184940973626318,1.0421216487884521
187,0.4391421550488179,1.4437680011425944,0.9980965877433895,0.6462463642483538,0.5451812120186041,0.08020020802893724,1.4351637729659703,0.10099056309061191,1.3650516598871265,1.5319027595050467,0.9421829958177946,0.6094691115731016,0.19104398840485573,0.6883863582787988,0.7029466955478658,0.5909712044250034,1.0371717781935257,0.5173025657200157,0.6253606393292789,0.5204722477151731,1.014082670211792
188,0.8799086442500551,0.7339864086275276,0.6294394587508624,0.45344301747453003,0.7931927031340907,0.4379393412267227,0.8840793052191741,0.7522293587002431,0.44043855450000746,1.0754282814836427,0.6782095665987484,1.3014949903747992,1.167691076335271,0.07104394343576685,0.23456998118036232,1.1899323845945045,0.00937209173222124,0.869826250752406,0.3265039040551276,0.38312526418261417,0.973398745059967
189,1.2571218456853945,0.562411275911602,0.4110681927680648,0.5698828231610192,0.04361430910742878,0.7134804415058718,0.0744524930373835,0.8797381364045669,0.9124621692928826,0.1946728030267995,0.11930923047116355,1.0171063194130163,1.5631155887570836,0.03348024079135027,0.5725523367429304,1.271321560415738,1.4354704963196065,0.8917395537530499,0.8232475288759543,0.8457003949624845,1.066508173942566
190,1.2174508431360473,1.3607889927947334,0.6886026286168859,0.012805067122348938,0.047277697541180524,0.46387369248483745,0.7079971480255883,0.6153261118318981,1.417002563403136,0.9611619479940954,0.023883365568121883,0.05624189316220893,1.2708924159418855,0.5242595854898815,0.100851441708323,0.1203026546560809,0.987823279291265,1.5498200624832548,1.5551994504797853,1.1955111691883613,0.9497918486595154
191,0.291225594946286,0.6821998258236743,1.1065385209312335,1.0486377643261255,0.06479881415389414,0.7021447107611191,0.03783746443979888,1.3416556557879415,0.49324417675164495,0.040530373507031564,1.078106309686663,0.5448604772332548,0.39019979148689415,0.391627308696299,0.05691961635100718,0.858104659422174,1.075288984576563,0.20558732499788496,1.0259752195537575,0.8847972490202385,1.008886456489563
192,0.2685914494192556,1.2569271415612109,0.7558171497910781,1.008756188622384,1.0874700099922538,0.8303352253773248,0.3982857019914864,0.7401837361939857,0.3478490498316923,0.26168899179726357,1.113149378471527,1.459455867902708,1.1219593077404952,1.1900526967745801,1.4271255145770596,0.5102607513326889,0.18607964487668155,0.07096834005123086,1.220167832988233,0.438372065366875,0.9100293517112732
193,1.1069007752923288,0.5108638916648881,0.16547239819706155,0.9842817164621978,0.9974575234700365,1.1345624341144616,1.4467973425624097,0.6303059720683948,0.3770803095133748,1.220126719800638,0.5783616494958431,1.1860596421737692,1.2016880159438739,1.5130000084670356,1.1985511363873536,0.05453486829873222,0.9197185207618949,0.7895594704150545,0.18734410340509863,0.3014021654631602,1.0705848932266235
194,1.2320280961742205,0.831091904616426,0.08337891459320951,0.9771404133064052,1.1901567207182278,0.8807312073652305,0.20374645036470157,1.5231135471180033,0.6467733735392458,0.6943020990805495,1.0109245803725029,0.5241031278747592,0.5413778762770898,0.6325121929812907,0.049348311370710184,0.16836649356392314,1.053692128739845,0.10342981783676021,0.9742058974573569,0.12339310693546739,1.0749205350875854
195,0.05114963490853916,1.160547887433478,0.8671224509188913,0.8952414604042779,1.5165664682794144,0.6680607619244389,1.338393820120117,0.7609007779936091,0.8338359152469066,0.1685170717284855,0.05604244164330706,0.3792278063571086,1.4439562881115022,0.32150245720182746,0.9808946142056423,1.5007878823172633,0.01249707459502167,1.0754925238200521,0.7702941445675542,0.28433299113719235,0.9059889912605286
196,1.2921994870987572,0.002608022236276625,0.6009010163102239,1.5624338934421793,0.20971430610620484,1.4695007978092105,0.08280509813828214,0.7403030275057745,0.8694830949654072,1.22106701420231,0.3490296901102007,0.0013505769734693676,1.1979338606212482,1.5226539298869606,0.2648199399592638,0.25481369687205985,1.1178881027452119,1.0994471396093886,0.6279170226476732,1.3640281624273611,1.1787446737289429
197,1.3653707784937696,0.4312436376722483,0.33660677937631334,0.3547896128875141,0.06071127076211785,1.2745883807915999,0.5849729197555213,1.4187929932079537,0.9521922776882064,0.9028687942648579,0.894802178529758,0.7668338337503235,1.0960292808040941,0.06648867535868157,0.9446819389735396,0.20226121276224215,0.16978949441109348,1.4936460640899674,0.34590422320449865,1.1312156384315792,0.9829040169715881
198,1.1521564924987786,0.9434654021002171,0.8546383141930487,0.5674699089748912,1.1495955883717746,0.929957733833312,0.5576989738824107,0.7079455752852714,1.217570945610962,0.9812968281579099,1.103778303417271,0.697208057697971,0.7836660410943295,0.9222342136917236,1.0531360859668413,0.09656857335990313,1.0636520582801152,0.9115858114567128,0.37999618794765555,0.041777757794407844,1.0820019245147705
199,0.12418010346556711,0.5078383700639351,0.372544120713537,1.0044007356978821,0.09368057563767467,0.6040263281389793,0.15648627390533434,1.4669531651419192,0.627567171107247,1.0994177574372619,1.2510318594221506,0.7036396488569734,0.9656424600945748,0.05595550050276866,1.5105342139361089,1.323728052033731,1.5670669034920235,0.2314804118094106,1.1717930084964163,0.09878986869061417,0.8782011866569519
